id,price
15035,5.11E+05
15036,4.78E+05
15037,1.37E+06
15038,3.05E+05
15039,3.28E+05
15040,3.09E+05
15041,4.29E+05
15042,6.86E+05
15043,2.78E+05
15044,3.53E+05
15045,6.75E+05
15046,2.20E+05
15047,5.20E+05
15048,5.28E+05
15049,7.77E+05
15050,2.07E+05
15051,4.21E+05
15052,4.77E+05
15053,1.04E+06
15054,4.09E+05
15055,4.73E+05
15056,5.47E+05
15057,1.08E+06
15058,3.49E+05
15059,4.41E+05
15060,4.28E+05
15061,3.38E+05
15062,5.84E+05
15063,2.75E+05
15064,5.88E+05
15065,8.21E+05
15066,3.47E+05
15067,6.14E+05
15068,1.14E+06
15069,3.92E+05
15070,5.35E+05
15071,5.43E+05
15072,5.66E+05
15073,3.91E+05
15074,3.44E+05
15075,7.46E+05
15076,1.23E+06
15077,4.13E+05
15078,2.15E+05
15079,8.39E+05
15080,4.83E+05
15081,5.30E+05
15082,6.44E+05
15083,2.95E+05
15084,5.62E+05
15085,9.49E+05
15086,5.21E+05
15087,3.22E+05
15088,4.90E+05
15089,2.12E+05
15090,3.51E+05
15091,2.85E+05
15092,2.56E+05
15093,4.64E+05
15094,2.97E+05
15095,2.46E+05
15096,5.49E+05
15097,7.53E+05
15098,4.64E+05
15099,2.24E+05
15100,4.76E+05
15101,1.76E+05
15102,4.88E+05
15103,7.44E+05
15104,4.82E+05
15105,3.04E+05
15106,5.17E+05
15107,4.92E+05
15108,3.58E+05
15109,2.98E+05
15110,2.53E+05
15111,5.10E+05
15112,4.41E+05
15113,3.99E+05
15114,2.18E+05
15115,4.13E+05
15116,4.61E+05
15117,3.10E+05
15118,4.47E+05
15119,6.56E+05
15120,4.55E+05
15121,2.40E+05
15122,2.98E+05
15123,7.05E+05
15124,4.89E+05
15125,5.73E+05
15126,4.26E+05
15127,9.04E+05
15128,4.87E+05
15129,2.40E+05
15130,2.20E+05
15131,2.29E+05
15132,6.64E+05
15133,1.10E+06
15134,5.90E+05
15135,6.31E+05
15136,2.49E+05
15137,7.15E+05
15138,2.92E+05
15139,4.37E+05
15140,6.54E+05
15141,3.73E+05
15142,4.49E+05
15143,5.15E+05
15144,5.98E+05
15145,4.64E+05
15146,5.23E+05
15147,3.11E+05
15148,2.53E+05
15149,4.62E+05
15150,4.13E+05
15151,4.94E+05
15152,3.10E+05
15153,3.65E+05
15154,8.70E+05
15155,1.91E+05
15156,3.94E+05
15157,3.46E+05
15158,3.54E+05
15159,3.08E+05
15160,4.95E+05
15161,1.08E+06
15162,4.59E+05
15163,4.03E+05
15164,5.00E+05
15165,6.87E+05
15166,1.07E+06
15167,5.59E+05
15168,7.68E+05
15169,7.77E+05
15170,1.75E+05
15171,5.02E+05
15172,2.40E+05
15173,6.44E+05
15174,1.78E+05
15175,2.25E+05
15176,5.76E+05
15177,3.10E+05
15178,4.20E+05
15179,8.91E+05
15180,7.03E+05
15181,3.01E+05
15182,7.53E+05
15183,3.05E+05
15184,4.35E+05
15185,3.58E+05
15186,1.10E+06
15187,4.03E+05
15188,4.91E+05
15189,3.53E+05
15190,6.67E+05
15191,2.46E+05
15192,4.80E+05
15193,5.15E+05
15194,2.48E+05
15195,3.00E+05
15196,5.64E+05
15197,5.58E+05
15198,4.47E+05
15199,3.78E+05
15200,2.59E+05
15201,6.98E+05
15202,4.28E+05
15203,1.87E+05
15204,1.95E+05
15205,3.53E+05
15206,1.95E+06
15207,4.48E+05
15208,3.32E+05
15209,3.04E+05
15210,3.29E+05
15211,3.10E+05
15212,7.10E+05
15213,4.75E+05
15214,3.25E+05
15215,4.90E+05
15216,2.47E+05
15217,2.23E+05
15218,4.71E+05
15219,3.64E+05
15220,3.51E+05
15221,7.17E+05
15222,2.64E+05
15223,4.28E+05
15224,5.89E+05
15225,4.43E+05
15226,2.06E+05
15227,5.35E+05
15228,4.69E+05
15229,6.15E+05
15230,3.59E+05
15231,2.34E+05
15232,5.22E+05
15233,5.16E+05
15234,1.46E+06
15235,4.22E+05
15236,3.83E+05
15237,2.93E+05
15238,5.70E+05
15239,5.79E+05
15240,4.19E+05
15241,3.57E+05
15242,4.98E+05
15243,2.96E+05
15244,6.70E+05
15245,4.74E+05
15246,5.78E+05
15247,3.46E+05
15248,6.22E+05
15249,3.41E+05
15250,1.89E+06
15251,3.70E+05
15252,6.91E+05
15253,4.18E+05
15254,4.33E+05
15255,3.24E+05
15256,3.12E+05
15257,3.48E+05
15258,5.38E+05
15259,2.20E+05
15260,4.83E+05
15261,2.70E+05
15262,4.48E+05
15263,3.45E+05
15264,4.80E+05
15265,8.17E+05
15266,4.08E+05
15267,4.42E+05
15268,4.22E+05
15269,5.06E+05
15270,8.31E+05
15271,9.51E+05
15272,2.87E+05
15273,2.57E+05
15274,5.94E+05
15275,3.71E+05
15276,5.48E+05
15277,2.88E+05
15278,1.23E+06
15279,2.80E+05
15280,6.01E+05
15281,1.05E+06
15282,4.01E+05
15283,2.46E+05
15284,1.04E+06
15285,9.19E+05
15286,4.86E+05
15287,6.76E+05
15288,7.70E+05
15289,7.00E+05
15290,4.30E+05
15291,4.62E+05
15292,4.60E+05
15293,5.10E+05
15294,7.63E+05
15295,4.09E+05
15296,2.12E+05
15297,2.03E+05
15298,8.89E+05
15299,4.03E+05
15300,2.85E+05
15301,4.56E+05
15302,1.86E+05
15303,4.14E+05
15304,8.08E+05
15305,2.41E+05
15306,5.17E+05
15307,6.11E+05
15308,5.24E+05
15309,3.11E+05
15310,4.10E+05
15311,5.95E+05
15312,4.67E+05
15313,1.67E+06
15314,2.41E+05
15315,1.35E+06
15316,3.59E+05
15317,5.21E+05
15318,5.27E+05
15319,1.12E+06
15320,5.71E+05
15321,2.35E+05
15322,7.19E+05
15323,3.03E+05
15324,4.21E+05
15325,3.31E+05
15326,6.70E+05
15327,2.84E+05
15328,7.12E+05
15329,4.61E+05
15330,8.04E+05
15331,4.32E+05
15332,4.79E+05
15333,4.54E+05
15334,2.93E+05
15335,5.30E+05
15336,3.66E+05
15337,1.99E+05
15338,6.08E+05
15339,3.35E+05
15340,3.29E+05
15341,3.24E+05
15342,2.16E+05
15343,2.71E+05
15344,7.25E+05
15345,2.07E+05
15346,4.47E+05
15347,4.32E+05
15348,1.34E+06
15349,2.79E+05
15350,3.51E+05
15351,4.16E+05
15352,1.52E+06
15353,3.50E+05
15354,3.01E+05
15355,6.25E+05
15356,7.63E+05
15357,7.83E+05
15358,1.00E+06
15359,3.73E+05
15360,5.48E+05
15361,2.62E+05
15362,4.92E+05
15363,4.84E+05
15364,5.20E+05
15365,4.34E+05
15366,5.67E+05
15367,4.32E+05
15368,4.71E+05
15369,4.44E+05
15370,4.40E+05
15371,3.26E+05
15372,2.30E+05
15373,3.35E+05
15374,3.79E+05
15375,9.48E+05
15376,4.53E+05
15377,4.62E+05
15378,5.94E+05
15379,3.18E+05
15380,4.79E+05
15381,7.56E+05
15382,5.93E+05
15383,6.48E+05
15384,3.23E+05
15385,1.69E+06
15386,4.34E+05
15387,5.90E+05
15388,4.24E+05
15389,3.62E+05
15390,4.13E+05
15391,2.79E+05
15392,2.83E+05
15393,3.47E+05
15394,4.24E+05
15395,2.37E+05
15396,2.64E+05
15397,5.62E+05
15398,2.31E+05
15399,5.38E+05
15400,7.81E+05
15401,4.35E+05
15402,8.52E+05
15403,2.58E+05
15404,7.23E+05
15405,3.86E+05
15406,9.21E+05
15407,3.51E+05
15408,4.86E+05
15409,6.60E+05
15410,3.12E+05
15411,4.87E+05
15412,3.01E+05
15413,2.49E+05
15414,3.06E+05
15415,5.36E+05
15416,1.37E+06
15417,4.57E+05
15418,4.04E+05
15419,4.64E+05
15420,5.55E+05
15421,6.65E+05
15422,7.87E+05
15423,4.18E+05
15424,4.52E+05
15425,1.42E+06
15426,3.32E+05
15427,6.73E+05
15428,6.17E+05
15429,7.69E+05
15430,4.36E+05
15431,3.52E+05
15432,2.21E+05
15433,4.86E+05
15434,3.51E+05
15435,7.68E+05
15436,4.48E+05
15437,1.15E+06
15438,5.87E+05
15439,5.28E+05
15440,6.82E+05
15441,6.72E+05
15442,5.07E+05
15443,3.99E+05
15444,4.32E+05
15445,4.69E+05
15446,4.48E+05
15447,3.67E+05
15448,2.53E+05
15449,2.17E+05
15450,3.02E+05
15451,5.51E+05
15452,2.83E+05
15453,5.41E+05
15454,8.44E+05
15455,1.48E+06
15456,4.56E+05
15457,4.85E+05
15458,3.36E+05
15459,9.60E+05
15460,5.69E+05
15461,4.33E+05
15462,5.19E+05
15463,1.84E+05
15464,2.73E+05
15465,7.46E+05
15466,1.88E+05
15467,4.54E+05
15468,3.49E+05
15469,2.42E+05
15470,5.09E+05
15471,6.21E+05
15472,3.43E+05
15473,5.62E+05
15474,6.63E+05
15475,7.15E+05
15476,5.91E+05
15477,5.83E+05
15478,3.67E+05
15479,2.85E+05
15480,3.46E+05
15481,2.37E+05
15482,1.33E+06
15483,3.00E+05
15484,6.14E+05
15485,2.30E+05
15486,4.64E+05
15487,4.70E+05
15488,2.50E+05
15489,2.96E+05
15490,3.59E+05
15491,2.67E+05
15492,2.50E+05
15493,3.35E+05
15494,2.50E+05
15495,3.31E+05
15496,5.97E+05
15497,8.41E+05
15498,5.26E+05
15499,7.02E+05
15500,2.18E+05
15501,5.57E+05
15502,3.51E+05
15503,9.69E+05
15504,5.47E+05
15505,2.27E+05
15506,4.76E+05
15507,4.96E+05
15508,5.46E+05
15509,2.10E+05
15510,4.57E+05
15511,1.45E+06
15512,2.07E+05
15513,2.60E+05
15514,4.60E+05
15515,1.10E+06
15516,3.62E+05
15517,3.79E+05
15518,4.32E+05
15519,3.47E+05
15520,4.56E+05
15521,4.52E+05
15522,5.86E+05
15523,7.08E+05
15524,4.03E+05
15525,6.08E+05
15526,2.88E+05
15527,2.04E+06
15528,2.98E+05
15529,3.03E+05
15530,2.79E+05
15531,7.68E+05
15532,3.52E+05
15533,6.86E+05
15534,7.19E+05
15535,5.54E+05
15536,4.27E+05
15537,1.07E+06
15538,3.88E+05
15539,6.56E+05
15540,5.37E+05
15541,4.99E+05
15542,2.48E+05
15543,2.54E+05
15544,1.24E+06
15545,2.12E+06
15546,2.94E+05
15547,3.59E+05
15548,3.77E+05
15549,6.66E+05
15550,5.85E+05
15551,6.94E+05
15552,4.74E+05
15553,3.06E+05
15554,6.82E+05
15555,3.31E+05
15556,3.89E+05
15557,6.31E+05
15558,8.23E+05
15559,3.60E+05
15560,4.84E+05
15561,8.71E+05
15562,2.85E+05
15563,3.64E+05
15564,2.98E+05
15565,2.21E+05
15566,9.57E+05
15567,2.52E+05
15568,2.38E+05
15569,4.02E+05
15570,5.96E+05
15571,2.86E+05
15572,6.28E+05
15573,2.63E+05
15574,3.81E+05
15575,2.30E+05
15576,4.73E+05
15577,4.04E+05
15578,7.83E+05
15579,3.10E+05
15580,6.63E+05
15581,3.96E+05
15582,1.51E+06
15583,4.03E+05
15584,7.42E+05
15585,2.25E+05
15586,8.24E+05
15587,3.49E+05
15588,2.32E+05
15589,4.43E+05
15590,1.03E+06
15591,3.12E+05
15592,1.17E+06
15593,2.33E+05
15594,2.80E+05
15595,3.43E+05
15596,1.76E+05
15597,3.74E+05
15598,2.79E+05
15599,4.98E+05
15600,2.53E+05
15601,2.74E+05
15602,4.31E+05
15603,3.73E+05
15604,5.77E+05
15605,6.22E+05
15606,8.80E+05
15607,9.58E+05
15608,2.37E+05
15609,1.11E+06
15610,5.31E+05
15611,7.21E+05
15612,4.20E+05
15613,3.19E+05
15614,5.97E+05
15615,4.07E+05
15616,2.79E+05
15617,7.11E+05
15618,6.35E+05
15619,4.03E+05
15620,2.99E+05
15621,6.73E+05
15622,1.70E+05
15623,1.36E+05
15624,3.73E+05
15625,5.37E+05
15626,1.00E+06
15627,5.13E+05
15628,6.17E+05
15629,2.54E+05
15630,2.29E+05
15631,3.46E+05
15632,2.64E+05
15633,5.65E+05
15634,1.46E+06
15635,5.02E+05
15636,3.19E+05
15637,2.78E+05
15638,6.66E+05
15639,7.48E+05
15640,4.50E+05
15641,3.55E+05
15642,1.54E+06
15643,5.99E+05
15644,2.37E+05
15645,6.15E+05
15646,2.34E+05
15647,8.20E+05
15648,2.82E+05
15649,3.93E+05
15650,2.36E+05
15651,5.14E+05
15652,6.92E+05
15653,2.13E+05
15654,2.88E+05
15655,5.35E+05
15656,2.44E+05
15657,3.35E+05
15658,2.48E+05
15659,2.45E+05
15660,1.00E+06
15661,2.81E+05
15662,5.35E+05
15663,1.17E+06
15664,3.45E+05
15665,5.21E+05
15666,2.81E+05
15667,3.54E+05
15668,1.96E+05
15669,4.94E+05
15670,2.59E+05
15671,2.75E+06
15672,5.25E+05
15673,2.75E+05
15674,2.01E+05
15675,6.38E+05
15676,4.38E+05
15677,5.96E+05
15678,4.48E+05
15679,4.17E+05
15680,3.11E+05
15681,1.04E+06
15682,6.15E+05
15683,1.81E+06
15684,5.61E+05
15685,3.15E+05
15686,3.14E+05
15687,2.70E+05
15688,4.37E+05
15689,3.40E+05
15690,2.59E+05
15691,2.63E+05
15692,2.25E+05
15693,9.57E+05
15694,5.82E+05
15695,3.93E+05
15696,9.92E+05
15697,3.51E+05
15698,1.02E+06
15699,5.41E+05
15700,4.02E+05
15701,2.82E+05
15702,4.95E+05
15703,4.33E+05
15704,5.70E+05
15705,4.58E+05
15706,5.03E+05
15707,3.05E+05
15708,4.12E+05
15709,3.55E+05
15710,1.42E+05
15711,2.63E+06
15712,1.04E+06
15713,2.30E+05
15714,1.22E+06
15715,7.03E+05
15716,4.47E+05
15717,4.31E+05
15718,8.58E+05
15719,1.07E+06
15720,3.11E+05
15721,3.92E+05
15722,5.25E+05
15723,3.23E+05
15724,3.93E+05
15725,3.40E+05
15726,5.40E+05
15727,7.95E+05
15728,2.42E+05
15729,3.06E+05
15730,5.72E+05
15731,7.38E+05
15732,5.89E+05
15733,5.35E+05
15734,3.76E+05
15735,6.13E+05
15736,5.63E+05
15737,5.39E+05
15738,4.04E+05
15739,4.99E+05
15740,8.07E+05
15741,6.43E+05
15742,4.22E+05
15743,5.77E+05
15744,4.68E+05
15745,2.89E+05
15746,7.02E+05
15747,5.60E+05
15748,8.20E+05
15749,7.72E+05
15750,4.71E+05
15751,6.50E+05
15752,5.94E+05
15753,3.43E+05
15754,2.52E+05
15755,6.23E+05
15756,3.68E+05
15757,3.58E+05
15758,5.61E+05
15759,3.90E+05
15760,4.49E+05
15761,5.99E+05
15762,2.94E+05
15763,1.53E+06
15764,3.29E+05
15765,4.37E+05
15766,3.38E+05
15767,4.83E+05
15768,5.17E+05
15769,6.41E+05
15770,4.08E+05
15771,5.42E+05
15772,4.24E+05
15773,1.01E+06
15774,2.98E+05
15775,8.44E+05
15776,6.27E+05
15777,1.02E+06
15778,2.74E+05
15779,2.31E+05
15780,6.84E+05
15781,4.67E+05
15782,1.47E+06
15783,2.05E+05
15784,7.56E+05
15785,2.66E+05
15786,7.16E+05
15787,3.49E+05
15788,3.26E+05
15789,3.55E+05
15790,6.25E+05
15791,4.07E+05
15792,3.95E+05
15793,4.14E+05
15794,3.33E+05
15795,1.90E+05
15796,3.68E+05
15797,8.64E+05
15798,8.63E+05
15799,7.91E+05
15800,3.68E+05
15801,5.47E+05
15802,5.70E+05
15803,3.42E+05
15804,3.11E+05
15805,4.25E+05
15806,2.62E+05
15807,6.82E+05
15808,3.36E+05
15809,9.05E+05
15810,4.98E+05
15811,1.92E+05
15812,5.58E+05
15813,2.54E+05
15814,3.32E+05
15815,5.94E+05
15816,4.43E+05
15817,4.09E+05
15818,5.15E+05
15819,2.42E+05
15820,3.93E+05
15821,5.16E+05
15822,2.32E+05
15823,9.66E+05
15824,6.34E+05
15825,5.10E+05
15826,2.17E+05
15827,8.74E+05
15828,1.25E+06
15829,5.45E+05
15830,4.18E+05
15831,5.21E+05
15832,4.86E+05
15833,5.71E+05
15834,7.87E+05
15835,4.80E+05
15836,6.06E+05
15837,5.82E+05
15838,5.23E+05
15839,2.16E+05
15840,7.02E+05
15841,5.07E+05
15842,5.00E+05
15843,7.07E+05
15844,3.01E+05
15845,8.59E+05
15846,1.93E+05
15847,8.39E+05
15848,3.81E+05
15849,2.94E+05
15850,5.67E+05
15851,4.19E+05
15852,7.79E+05
15853,3.31E+05
15854,9.46E+05
15855,5.02E+05
15856,3.13E+05
15857,6.88E+05
15858,5.21E+05
15859,3.09E+05
15860,4.07E+05
15861,6.73E+05
15862,3.69E+05
15863,2.05E+05
15864,6.66E+05
15865,2.49E+05
15866,3.71E+05
15867,2.83E+05
15868,5.80E+05
15869,8.71E+05
15870,4.84E+05
15871,2.38E+05
15872,3.97E+05
15873,5.91E+05
15874,2.69E+05
15875,7.79E+05
15876,9.00E+05
15877,3.68E+05
15878,2.50E+05
15879,4.48E+05
15880,4.61E+05
15881,6.85E+05
15882,3.47E+05
15883,2.09E+05
15884,1.44E+06
15885,3.29E+05
15886,2.99E+05
15887,3.03E+05
15888,4.25E+05
15889,5.31E+05
15890,5.70E+05
15891,3.56E+05
15892,2.73E+05
15893,5.38E+05
15894,4.72E+05
15895,5.37E+05
15896,3.68E+05
15897,5.82E+05
15898,2.71E+05
15899,5.23E+05
15900,2.58E+05
15901,6.05E+05
15902,3.30E+05
15903,4.45E+05
15904,1.99E+05
15905,1.33E+06
15906,1.27E+06
15907,6.18E+05
15908,3.67E+05
15909,8.60E+05
15910,8.50E+05
15911,3.72E+05
15912,4.68E+05
15913,1.44E+05
15914,1.08E+06
15915,4.74E+05
15916,2.74E+05
15917,2.19E+05
15918,2.57E+05
15919,4.60E+05
15920,5.91E+05
15921,5.15E+05
15922,4.20E+05
15923,5.14E+05
15924,4.20E+05
15925,6.30E+05
15926,4.92E+05
15927,5.88E+05
15928,2.92E+05
15929,5.44E+05
15930,2.29E+05
15931,3.53E+05
15932,3.21E+05
15933,6.15E+05
15934,2.78E+05
15935,7.77E+05
15936,6.42E+05
15937,4.54E+05
15938,4.55E+05
15939,6.38E+05
15940,4.36E+05
15941,4.69E+05
15942,2.62E+05
15943,1.95E+05
15944,4.83E+05
15945,2.52E+05
15946,6.05E+05
15947,3.29E+05
15948,1.06E+06
15949,1.55E+06
15950,3.86E+05
15951,2.53E+05
15952,7.47E+05
15953,7.81E+05
15954,9.88E+05
15955,6.54E+05
15956,6.06E+05
15957,5.50E+05
15958,1.09E+06
15959,2.74E+05
15960,3.93E+05
15961,6.40E+05
15962,2.48E+05
15963,1.89E+05
15964,5.37E+05
15965,3.77E+05
15966,2.92E+05
15967,4.67E+05
15968,1.08E+06
15969,5.49E+05
15970,5.70E+05
15971,2.99E+05
15972,3.61E+05
15973,2.44E+05
15974,6.04E+05
15975,6.67E+05
15976,7.81E+05
15977,3.78E+05
15978,8.10E+05
15979,1.92E+05
15980,2.51E+05
15981,6.59E+05
15982,5.13E+05
15983,5.43E+05
15984,1.49E+05
15985,1.12E+06
15986,4.04E+05
15987,2.80E+06
15988,3.14E+05
15989,1.63E+05
15990,4.43E+05
15991,2.78E+05
15992,4.32E+05
15993,5.38E+05
15994,1.44E+05
15995,5.25E+05
15996,4.70E+05
15997,3.63E+05
15998,1.58E+05
15999,2.11E+05
16000,3.85E+05
16001,2.64E+05
16002,4.17E+05
16003,6.31E+05
16004,7.21E+05
16005,6.77E+05
16006,2.97E+05
16007,7.23E+05
16008,5.64E+05
16009,4.15E+05
16010,4.38E+05
16011,1.25E+06
16012,2.97E+05
16013,5.20E+05
16014,2.88E+05
16015,1.04E+06
16016,5.99E+05
16017,1.01E+06
16018,4.87E+05
16019,2.02E+05
16020,7.29E+05
16021,4.34E+05
16022,4.32E+05
16023,6.36E+05
16024,5.59E+05
16025,3.19E+05
16026,4.07E+05
16027,1.43E+06
16028,2.76E+05
16029,1.92E+06
16030,7.04E+05
16031,2.93E+05
16032,1.99E+05
16033,4.90E+05
16034,5.78E+05
16035,4.20E+05
16036,3.18E+05
16037,5.54E+05
16038,2.73E+05
16039,3.14E+05
16040,7.91E+05
16041,9.56E+05
16042,3.68E+05
16043,5.43E+05
16044,2.44E+05
16045,4.76E+05
16046,3.08E+05
16047,6.01E+05
16048,4.21E+05
16049,3.72E+05
16050,2.36E+05
16051,7.92E+05
16052,4.84E+05
16053,2.10E+05
16054,5.56E+05
16055,4.65E+05
16056,3.78E+05
16057,2.76E+05
16058,1.24E+06
16059,1.70E+05
16060,2.93E+05
16061,3.93E+05
16062,4.36E+05
16063,7.97E+05
16064,8.10E+05
16065,6.04E+05
16066,2.59E+05
16067,3.91E+05
16068,8.35E+05
16069,3.19E+05
16070,6.70E+05
16071,1.93E+05
16072,6.12E+05
16073,5.07E+05
16074,2.51E+05
16075,5.44E+05
16076,2.00E+05
16077,5.38E+05
16078,7.38E+05
16079,8.84E+05
16080,1.96E+05
16081,7.46E+05
16082,3.62E+05
16083,6.45E+05
16084,4.66E+05
16085,5.66E+05
16086,3.20E+05
16087,5.65E+05
16088,4.94E+05
16089,4.23E+05
16090,3.70E+05
16091,5.99E+05
16092,3.51E+05
16093,2.75E+05
16094,5.68E+05
16095,4.30E+05
16096,6.94E+05
16097,5.26E+05
16098,3.07E+05
16099,2.26E+05
16100,5.38E+05
16101,8.40E+05
16102,3.21E+05
16103,7.01E+05
16104,3.95E+05
16105,1.97E+06
16106,4.30E+05
16107,2.44E+06
16108,3.46E+05
16109,7.16E+05
16110,5.86E+05
16111,1.56E+06
16112,3.77E+05
16113,1.32E+06
16114,7.94E+05
16115,2.42E+05
16116,6.90E+05
16117,2.00E+05
16118,5.80E+05
16119,4.86E+05
16120,6.51E+05
16121,2.05E+05
16122,2.78E+05
16123,1.50E+05
16124,7.42E+05
16125,2.58E+05
16126,2.55E+06
16127,5.35E+05
16128,4.02E+05
16129,3.83E+05
16130,3.15E+05
16131,7.60E+05
16132,8.22E+05
16133,8.04E+05
16134,4.04E+05
16135,5.67E+05
16136,2.95E+05
16137,6.88E+05
16138,3.72E+05
16139,2.59E+05
16140,2.36E+05
16141,1.16E+06
16142,9.69E+05
16143,2.13E+05
16144,2.07E+05
16145,4.71E+05
16146,2.02E+05
16147,2.09E+05
16148,6.04E+05
16149,6.44E+05
16150,3.79E+05
16151,9.02E+05
16152,4.66E+05
16153,4.67E+05
16154,3.63E+05
16155,5.85E+05
16156,2.89E+05
16157,6.77E+05
16158,4.05E+05
16159,4.70E+05
16160,3.30E+05
16161,4.77E+05
16162,6.07E+05
16163,2.22E+05
16164,7.52E+05
16165,6.38E+05
16166,3.72E+05
16167,2.65E+05
16168,3.97E+05
16169,2.88E+05
16170,7.76E+05
16171,2.49E+05
16172,9.67E+05
16173,2.89E+05
16174,1.96E+05
16175,2.90E+05
16176,2.60E+05
16177,6.25E+05
16178,3.84E+05
16179,4.70E+05
16180,3.61E+05
16181,8.88E+05
16182,1.09E+06
16183,3.62E+05
16184,2.73E+05
16185,2.53E+05
16186,3.41E+05
16187,2.34E+05
16188,7.31E+05
16189,3.62E+05
16190,3.23E+05
16191,6.87E+05
16192,6.52E+05
16193,6.60E+05
16194,3.54E+05
16195,4.71E+05
16196,1.74E+05
16197,6.35E+05
16198,2.49E+05
16199,2.61E+05
16200,1.85E+05
16201,1.13E+06
16202,6.29E+05
16203,6.10E+05
16204,3.48E+05
16205,2.56E+05
16206,4.18E+05
16207,3.53E+05
16208,6.16E+05
16209,4.39E+05
16210,3.48E+05
16211,2.67E+05
16212,3.78E+06
16213,3.16E+05
16214,4.43E+05
16215,3.82E+05
16216,2.35E+05
16217,4.97E+05
16218,4.47E+05
16219,6.05E+05
16220,7.89E+05
16221,2.74E+05
16222,1.01E+06
16223,3.15E+05
16224,4.57E+05
16225,5.74E+05
16226,5.90E+05
16227,5.07E+05
16228,7.15E+05
16229,5.50E+05
16230,4.01E+05
16231,3.05E+05
16232,5.38E+05
16233,2.60E+05
16234,1.45E+06
16235,3.92E+05
16236,5.71E+05
16237,5.80E+05
16238,7.15E+05
16239,7.54E+05
16240,4.06E+05
16241,7.04E+05
16242,7.28E+05
16243,2.78E+05
16244,2.66E+05
16245,6.00E+05
16246,2.55E+05
16247,2.14E+05
16248,7.24E+05
16249,2.83E+05
16250,4.70E+05
16251,3.69E+05
16252,1.08E+06
16253,1.72E+05
16254,3.16E+05
16255,5.17E+05
16256,1.11E+06
16257,4.72E+05
16258,3.87E+05
16259,4.12E+05
16260,5.21E+05
16261,3.12E+05
16262,6.27E+05
16263,3.57E+05
16264,2.91E+05
16265,3.96E+05
16266,5.74E+05
16267,7.09E+05
16268,6.02E+05
16269,4.91E+05
16270,8.04E+05
16271,4.69E+05
16272,6.00E+05
16273,5.49E+05
16274,3.86E+05
16275,2.01E+05
16276,2.06E+05
16277,3.64E+05
16278,5.84E+05
16279,7.90E+05
16280,1.73E+05
16281,9.15E+05
16282,2.83E+05
16283,4.14E+05
16284,5.29E+05
16285,1.13E+06
16286,5.14E+05
16287,7.19E+05
16288,1.89E+06
16289,2.70E+05
16290,1.62E+06
16291,3.00E+05
16292,4.61E+05
16293,2.34E+05
16294,1.71E+06
16295,4.14E+05
16296,3.92E+05
16297,2.47E+05
16298,6.78E+05
16299,7.46E+05
16300,7.92E+05
16301,1.11E+06
16302,4.66E+05
16303,5.22E+05
16304,1.15E+06
16305,8.17E+05
16306,3.56E+05
16307,1.18E+06
16308,4.35E+05
16309,3.00E+05
16310,3.21E+05
16311,6.35E+05
16312,3.93E+05
16313,2.32E+05
16314,4.45E+05
16315,4.91E+05
16316,4.74E+05
16317,4.08E+05
16318,3.05E+05
16319,3.24E+05
16320,8.76E+05
16321,2.34E+05
16322,2.34E+05
16323,3.96E+05
16324,4.81E+05
16325,6.30E+05
16326,6.29E+05
16327,4.00E+05
16328,2.11E+05
16329,3.11E+05
16330,4.23E+05
16331,9.28E+05
16332,3.00E+05
16333,1.12E+06
16334,3.93E+05
16335,4.30E+05
16336,8.65E+05
16337,6.25E+05
16338,7.14E+05
16339,2.81E+05
16340,2.19E+05
16341,8.28E+05
16342,1.31E+06
16343,4.04E+05
16344,4.62E+05
16345,8.52E+05
16346,3.38E+05
16347,3.51E+05
16348,6.45E+05
16349,6.47E+05
16350,2.63E+06
16351,3.09E+05
16352,4.71E+05
16353,5.58E+05
16354,3.18E+05
16355,4.39E+05
16356,3.56E+05
16357,6.05E+05
16358,6.84E+05
16359,7.20E+05
16360,1.05E+06
16361,6.13E+05
16362,7.79E+05
16363,2.05E+05
16364,5.57E+05
16365,1.09E+06
16366,2.22E+05
16367,3.12E+05
16368,3.61E+05
16369,3.36E+05
16370,6.07E+05
16371,6.96E+05
16372,3.97E+05
16373,2.44E+05
16374,4.78E+05
16375,3.87E+05
16376,5.92E+05
16377,3.73E+05
16378,6.19E+05
16379,1.37E+06
16380,2.46E+05
16381,3.34E+05
16382,2.36E+05
16383,5.35E+05
16384,4.40E+05
16385,9.54E+05
16386,2.82E+05
16387,6.04E+05
16388,3.88E+05
16389,3.05E+05
16390,4.45E+05
16391,3.45E+05
16392,6.17E+05
16393,7.42E+05
16394,7.01E+05
16395,2.54E+05
16396,3.82E+05
16397,3.25E+05
16398,2.00E+05
16399,6.69E+05
16400,2.67E+05
16401,3.06E+06
16402,6.76E+05
16403,3.57E+05
16404,4.73E+05
16405,3.88E+05
16406,5.53E+05
16407,7.60E+05
16408,2.17E+05
16409,4.99E+05
16410,4.69E+05
16411,5.76E+05
16412,5.86E+05
16413,3.66E+05
16414,3.62E+05
16415,7.57E+05
16416,3.33E+05
16417,5.29E+05
16418,1.39E+05
16419,2.44E+05
16420,3.41E+05
16421,8.82E+05
16422,2.52E+05
16423,3.91E+05
16424,3.63E+05
16425,3.14E+05
16426,4.91E+05
16427,6.23E+05
16428,5.06E+05
16429,2.77E+05
16430,6.49E+05
16431,4.65E+05
16432,1.60E+06
16433,7.46E+05
16434,8.70E+05
16435,9.44E+05
16436,8.77E+05
16437,3.23E+05
16438,6.75E+05
16439,6.03E+05
16440,5.80E+05
16441,5.99E+05
16442,8.27E+05
16443,4.17E+05
16444,4.23E+05
16445,8.12E+05
16446,5.37E+05
16447,3.16E+05
16448,7.37E+05
16449,3.16E+05
16450,6.79E+05
16451,6.28E+05
16452,5.29E+05
16453,7.70E+05
16454,8.54E+05
16455,5.78E+05
16456,4.01E+05
16457,4.13E+05
16458,5.92E+05
16459,1.12E+06
16460,6.02E+05
16461,4.38E+05
16462,3.87E+05
16463,2.56E+05
16464,4.62E+05
16465,3.85E+05
16466,4.42E+05
16467,2.19E+05
16468,6.90E+05
16469,7.29E+05
16470,1.02E+06
16471,7.72E+05
16472,2.50E+05
16473,6.91E+05
16474,4.13E+05
16475,4.88E+05
16476,6.07E+05
16477,5.00E+05
16478,3.82E+05
16479,1.51E+06
16480,2.72E+05
16481,3.26E+05
16482,1.74E+06
16483,3.76E+05
16484,1.03E+06
16485,6.35E+05
16486,3.73E+05
16487,3.96E+05
16488,4.32E+05
16489,8.13E+05
16490,4.88E+05
16491,7.01E+05
16492,5.55E+05
16493,3.10E+05
16494,5.01E+05
16495,7.58E+05
16496,3.67E+05
16497,5.91E+05
16498,3.21E+05
16499,6.80E+05
16500,4.44E+05
16501,2.34E+05
16502,9.19E+05
16503,3.77E+05
16504,2.57E+05
16505,3.91E+05
16506,2.11E+05
16507,3.65E+05
16508,1.95E+05
16509,3.15E+05
16510,2.37E+05
16511,2.68E+05
16512,5.97E+05
16513,7.67E+05
16514,7.15E+05
16515,2.34E+05
16516,3.60E+05
16517,5.72E+05
16518,7.44E+05
16519,7.85E+05
16520,2.13E+05
16521,9.22E+05
16522,2.11E+05
16523,2.58E+05
16524,6.56E+05
16525,8.57E+05
16526,1.98E+05
16527,8.89E+05
16528,6.31E+05
16529,4.47E+05
16530,9.18E+05
16531,3.64E+05
16532,6.44E+05
16533,4.20E+05
16534,7.07E+05
16535,1.89E+05
16536,2.38E+05
16537,4.44E+05
16538,8.72E+05
16539,6.11E+05
16540,2.09E+05
16541,2.61E+05
16542,3.84E+05
16543,3.97E+05
16544,2.78E+05
16545,2.82E+05
16546,2.96E+05
16547,3.20E+05
16548,5.36E+05
16549,4.05E+05
16550,3.30E+05
16551,3.10E+05
16552,7.41E+05
16553,1.51E+05
16554,4.23E+05
16555,2.60E+05
16556,5.69E+05
16557,3.16E+05
16558,7.13E+05
16559,2.57E+05
16560,6.82E+05
16561,4.42E+05
16562,4.48E+05
16563,4.02E+05
16564,5.68E+05
16565,4.66E+05
16566,3.59E+05
16567,6.04E+05
16568,4.06E+05
16569,3.43E+05
16570,3.52E+05
16571,1.67E+05
16572,8.44E+05
16573,2.65E+05
16574,6.19E+05
16575,6.86E+05
16576,3.32E+05
16577,4.46E+05
16578,3.23E+05
16579,4.89E+05
16580,5.06E+05
16581,2.96E+05
16582,4.30E+05
16583,5.63E+05
16584,3.85E+05
16585,5.76E+05
16586,1.84E+05
16587,7.78E+05
16588,3.47E+05
16589,5.92E+05
16590,2.94E+05
16591,4.72E+05
16592,2.72E+05
16593,2.85E+05
16594,5.20E+05
16595,7.39E+05
16596,7.93E+05
16597,2.72E+05
16598,3.90E+05
16599,7.77E+05
16600,2.83E+05
16601,9.09E+05
16602,1.68E+05
16603,2.74E+05
16604,4.81E+05
16605,2.63E+05
16606,7.95E+05
16607,3.10E+05
16608,4.16E+05
16609,5.95E+05
16610,2.69E+05
16611,3.32E+05
16612,9.94E+05
16613,6.25E+05
16614,9.69E+05
16615,4.20E+05
16616,3.21E+05
16617,4.99E+05
16618,3.29E+05
16619,2.83E+05
16620,5.43E+05
16621,2.66E+05
16622,3.73E+05
16623,3.80E+05
16624,6.81E+05
16625,3.41E+05
16626,6.56E+05
16627,2.11E+05
16628,5.03E+05
16629,6.11E+05
16630,7.32E+05
16631,4.72E+05
16632,4.23E+05
16633,2.64E+05
16634,4.66E+05
16635,2.19E+05
16636,2.20E+05
16637,2.30E+05
16638,4.65E+05
16639,2.88E+05
16640,2.98E+05
16641,1.55E+06
16642,7.09E+05
16643,5.48E+05
16644,7.22E+05
16645,5.07E+05
16646,2.29E+05
16647,5.95E+05
16648,4.36E+05
16649,5.06E+05
16650,2.72E+05
16651,3.27E+05
16652,5.13E+05
16653,3.61E+05
16654,5.59E+05
16655,4.95E+05
16656,5.43E+05
16657,7.64E+05
16658,4.63E+05
16659,5.53E+05
16660,3.55E+05
16661,2.50E+05
16662,7.54E+05
16663,3.38E+05
16664,5.23E+05
16665,1.36E+06
16666,3.92E+05
16667,5.25E+05
16668,1.94E+05
16669,2.59E+05
16670,2.64E+05
16671,6.26E+05
16672,9.26E+05
16673,3.83E+05
16674,2.65E+05
16675,3.24E+05
16676,5.08E+05
16677,2.56E+05
16678,8.05E+05
16679,3.06E+05
16680,2.72E+05
16681,5.01E+05
16682,5.00E+05
16683,3.03E+05
16684,2.71E+05
16685,3.74E+05
16686,3.83E+05
16687,2.45E+06
16688,5.16E+05
16689,4.66E+05
16690,4.03E+05
16691,1.37E+06
16692,2.73E+05
16693,5.64E+05
16694,2.70E+05
16695,2.97E+05
16696,1.79E+06
16697,9.71E+05
16698,6.67E+05
16699,2.28E+05
16700,3.99E+05
16701,6.03E+05
16702,5.59E+05
16703,4.13E+05
16704,3.90E+05
16705,5.93E+05
16706,5.41E+05
16707,4.80E+05
16708,4.14E+05
16709,5.87E+05
16710,4.79E+05
16711,5.02E+05
16712,3.10E+05
16713,4.31E+05
16714,8.01E+05
16715,2.31E+05
16716,9.32E+05
16717,6.05E+05
16718,7.67E+05
16719,5.16E+05
16720,2.26E+05
16721,1.61E+05
16722,5.29E+05
16723,3.49E+05
16724,1.70E+06
16725,5.54E+05
16726,2.04E+05
16727,3.54E+06
16728,2.79E+05
16729,3.43E+05
16730,4.54E+05
16731,4.98E+05
16732,4.41E+05
16733,2.39E+05
16734,9.12E+05
16735,4.93E+05
16736,7.78E+05
16737,5.33E+05
16738,2.14E+05
16739,6.37E+05
16740,4.39E+05
16741,2.00E+05
16742,7.09E+05
16743,3.17E+05
16744,6.37E+05
16745,5.16E+05
16746,7.89E+05
16747,3.39E+05
16748,1.18E+06
16749,3.69E+05
16750,4.34E+05
16751,3.59E+05
16752,3.04E+05
16753,7.53E+05
16754,3.09E+05
16755,8.30E+05
16756,6.95E+05
16757,3.28E+05
16758,2.72E+05
16759,3.18E+05
16760,5.78E+05
16761,4.17E+05
16762,5.70E+05
16763,3.74E+05
16764,3.30E+05
16765,3.37E+05
16766,4.38E+05
16767,5.94E+05
16768,4.25E+05
16769,5.01E+05
16770,2.33E+05
16771,6.95E+05
16772,3.24E+05
16773,5.10E+05
16774,1.96E+05
16775,4.84E+05
16776,5.03E+05
16777,5.40E+05
16778,5.34E+05
16779,2.23E+05
16780,6.24E+05
16781,1.66E+06
16782,7.83E+05
16783,3.42E+05
16784,7.13E+05
16785,7.61E+05
16786,2.38E+05
16787,5.12E+05
16788,4.09E+05
16789,6.39E+05
16790,3.16E+05
16791,4.18E+05
16792,5.91E+05
16793,3.39E+05
16794,5.14E+05
16795,4.07E+05
16796,8.05E+05
16797,1.05E+06
16798,4.79E+05
16799,5.92E+05
16800,4.60E+05
16801,4.45E+05
16802,2.34E+05
16803,2.05E+05
16804,1.51E+06
16805,4.92E+05
16806,4.63E+05
16807,7.67E+05
16808,8.47E+05
16809,7.53E+05
16810,3.87E+05
16811,6.47E+05
16812,3.01E+05
16813,3.59E+05
16814,5.68E+05
16815,2.00E+05
16816,7.24E+05
16817,4.86E+05
16818,6.38E+05
16819,2.61E+05
16820,5.19E+05
16821,7.01E+05
16822,7.19E+05
16823,1.19E+06
16824,2.04E+05
16825,2.78E+05
16826,4.24E+05
16827,8.40E+05
16828,5.84E+05
16829,5.03E+05
16830,3.95E+05
16831,3.51E+05
16832,6.07E+05
16833,3.59E+05
16834,2.47E+05
16835,4.46E+05
16836,1.01E+06
16837,3.39E+05
16838,7.16E+05
16839,4.62E+05
16840,3.38E+05
16841,3.61E+05
16842,3.29E+05
16843,8.49E+05
16844,2.13E+05
16845,5.51E+05
16846,6.10E+05
16847,5.58E+05
16848,6.08E+05
16849,4.97E+05
16850,5.64E+05
16851,7.13E+05
16852,9.78E+05
16853,3.62E+05
16854,3.75E+05
16855,2.53E+05
16856,5.33E+05
16857,4.75E+05
16858,1.30E+06
16859,3.99E+05
16860,3.27E+05
16861,7.08E+05
16862,4.02E+05
16863,2.19E+05
16864,3.84E+05
16865,3.94E+05
16866,2.90E+05
16867,2.54E+05
16868,3.24E+05
16869,3.39E+05
16870,2.42E+05
16871,5.94E+05
16872,4.83E+05
16873,4.90E+05
16874,8.25E+05
16875,3.38E+05
16876,8.64E+05
16877,5.58E+05
16878,4.54E+05
16879,1.00E+06
16880,6.55E+05
16881,1.43E+06
16882,1.71E+05
16883,1.81E+05
16884,2.75E+05
16885,4.52E+05
16886,2.35E+05
16887,7.53E+05
16888,2.39E+05
16889,8.11E+05
16890,3.16E+05
16891,5.02E+05
16892,2.98E+05
16893,2.55E+05
16894,2.72E+05
16895,5.03E+05
16896,4.58E+05
16897,2.83E+05
16898,3.50E+05
16899,2.40E+05
16900,2.63E+05
16901,1.01E+06
16902,6.34E+05
16903,7.22E+05
16904,5.65E+05
16905,2.65E+05
16906,1.17E+06
16907,4.89E+05
16908,4.08E+05
16909,4.35E+05
16910,2.73E+05
16911,2.83E+05
16912,2.76E+05
16913,2.92E+05
16914,9.50E+05
16915,1.25E+06
16916,3.98E+05
16917,1.17E+06
16918,2.08E+05
16919,2.69E+05
16920,4.16E+05
16921,5.08E+05
16922,2.62E+05
16923,2.75E+05
16924,6.96E+05
16925,4.87E+05
16926,1.13E+06
16927,6.89E+05
16928,3.69E+05
16929,3.83E+05
16930,5.16E+05
16931,4.32E+05
16932,5.12E+05
16933,5.78E+05
16934,2.31E+05
16935,2.53E+05
16936,7.00E+05
16937,2.51E+05
16938,2.85E+05
16939,8.38E+05
16940,4.38E+05
16941,3.48E+05
16942,2.19E+05
16943,8.39E+05
16944,6.27E+05
16945,2.50E+05
16946,7.01E+05
16947,4.85E+05
16948,9.84E+05
16949,2.80E+05
16950,3.74E+05
16951,2.17E+05
16952,5.52E+05
16953,3.19E+05
16954,3.78E+05
16955,8.64E+05
16956,8.93E+05
16957,3.00E+05
16958,5.23E+05
16959,6.11E+05
16960,1.96E+05
16961,5.35E+05
16962,4.87E+05
16963,4.26E+05
16964,5.00E+05
16965,6.81E+05
16966,1.26E+06
16967,9.63E+05
16968,2.01E+05
16969,5.84E+05
16970,2.83E+05
16971,3.31E+05
16972,3.22E+05
16973,6.45E+05
16974,6.16E+05
16975,4.88E+05
16976,1.79E+05
16977,3.88E+05
16978,2.55E+05
16979,5.54E+05
16980,2.40E+05
16981,5.76E+05
16982,8.34E+05
16983,5.77E+05
16984,2.41E+05
16985,3.29E+05
16986,3.54E+05
16987,2.59E+05
16988,2.50E+05
16989,5.69E+05
16990,2.35E+05
16991,2.72E+05
16992,5.62E+05
16993,6.75E+05
16994,3.10E+05
16995,2.77E+05
16996,4.42E+05
16997,8.16E+05
16998,3.27E+05
16999,2.49E+06
17000,4.65E+05
17001,1.31E+06
17002,1.66E+05
17003,3.97E+05
17004,2.39E+05
17005,2.30E+05
17006,1.20E+06
17007,7.06E+05
17008,4.92E+05
17009,2.13E+05
17010,2.74E+05
17011,2.44E+05
17012,5.77E+05
17013,4.70E+05
17014,6.65E+05
17015,3.30E+05
17016,4.18E+05
17017,2.02E+05
17018,9.27E+05
17019,3.37E+05
17020,4.96E+05
17021,2.40E+05
17022,6.55E+05
17023,5.90E+05
17024,7.22E+05
17025,2.55E+05
17026,2.83E+05
17027,4.28E+05
17028,1.23E+06
17029,1.23E+06
17030,5.96E+05
17031,7.77E+05
17032,8.06E+05
17033,5.33E+05
17034,2.26E+05
17035,2.22E+05
17036,2.89E+05
17037,3.05E+05
17038,5.02E+05
17039,5.67E+05
17040,7.22E+05
17041,5.50E+05
17042,1.99E+05
17043,3.66E+05
17044,5.68E+05
17045,5.35E+05
17046,6.88E+05
17047,5.72E+05
17048,2.39E+05
17049,7.96E+05
17050,3.71E+05
17051,3.97E+05
17052,2.85E+05
17053,2.42E+05
17054,2.58E+05
17055,2.31E+05
17056,2.86E+05
17057,2.78E+05
17058,3.27E+05
17059,3.70E+05
17060,8.55E+05
17061,1.29E+06
17062,2.31E+05
17063,5.37E+05
17064,1.34E+06
17065,3.45E+05
17066,3.96E+05
17067,4.11E+05
17068,6.39E+05
17069,5.81E+05
17070,2.31E+05
17071,7.60E+05
17072,1.37E+05
17073,6.91E+05
17074,2.43E+05
17075,2.18E+05
17076,3.55E+05
17077,2.36E+05
17078,2.37E+05
17079,4.52E+05
17080,4.14E+05
17081,2.24E+05
17082,2.42E+05
17083,3.12E+05
17084,6.16E+05
17085,6.72E+05
17086,9.03E+05
17087,7.16E+05
17088,6.01E+05
17089,3.96E+05
17090,2.71E+05
17091,5.01E+05
17092,5.11E+05
17093,3.48E+05
17094,2.40E+05
17095,7.05E+05
17096,1.68E+05
17097,7.37E+05
17098,3.25E+05
17099,3.01E+05
17100,5.77E+05
17101,2.33E+05
17102,4.74E+05
17103,2.45E+05
17104,5.19E+05
17105,2.89E+05
17106,1.02E+06
17107,5.61E+05
17108,4.29E+05
17109,7.33E+05
17110,6.73E+05
17111,6.94E+05
17112,3.62E+05
17113,5.55E+05
17114,5.03E+05
17115,4.85E+05
17116,4.21E+05
17117,2.91E+05
17118,3.96E+05
17119,3.07E+05
17120,5.38E+05
17121,3.69E+05
17122,2.71E+05
17123,2.45E+05
17124,2.64E+05
17125,2.77E+06
17126,6.38E+05
17127,6.80E+05
17128,3.85E+05
17129,7.91E+05
17130,5.31E+05
17131,3.53E+05
17132,2.00E+05
17133,2.95E+05
17134,5.17E+05
17135,3.15E+05
17136,4.55E+05
17137,4.40E+05
17138,7.29E+05
17139,3.07E+05
17140,4.07E+05
17141,1.60E+05
17142,4.07E+05
17143,2.42E+05
17144,1.14E+06
17145,7.47E+05
17146,7.60E+05
17147,4.46E+05
17148,2.26E+05
17149,5.10E+05
17150,2.92E+05
17151,5.00E+05
17152,6.52E+05
17153,5.76E+05
17154,5.85E+05
17155,3.15E+05
17156,7.99E+05
17157,3.33E+05
17158,3.43E+05
17159,4.35E+05
17160,3.65E+05
17161,5.22E+05
17162,2.85E+05
17163,5.07E+05
17164,1.77E+05
17165,5.44E+05
17166,3.50E+05
17167,3.56E+05
17168,3.29E+05
17169,3.04E+05
17170,7.62E+05
17171,3.17E+05
17172,7.65E+05
17173,4.39E+05
17174,6.60E+05
17175,8.22E+05
17176,3.36E+05
17177,8.89E+05
17178,3.54E+05
17179,7.25E+05
17180,3.35E+05
17181,6.64E+05
17182,7.68E+05
17183,3.48E+05
17184,6.33E+05
17185,2.73E+05
17186,1.04E+06
17187,5.95E+05
17188,1.22E+06
17189,4.87E+05
17190,3.96E+05
17191,5.35E+05
17192,4.06E+05
17193,4.77E+05
17194,2.08E+05
17195,4.55E+05
17196,5.90E+05
17197,4.71E+05
17198,4.66E+05
17199,9.60E+05
17200,5.08E+05
17201,3.93E+05
17202,4.29E+05
17203,8.89E+05
17204,4.66E+05
17205,2.86E+05
17206,9.56E+05
17207,4.37E+05
17208,2.85E+05
17209,3.81E+05
17210,6.18E+05
17211,4.43E+05
17212,5.47E+05
17213,1.09E+06
17214,2.49E+05
17215,3.95E+05
17216,3.74E+05
17217,2.74E+05
17218,2.27E+05
17219,4.91E+05
17220,2.35E+05
17221,5.31E+05
17222,4.04E+05
17223,2.27E+05
17224,5.22E+05
17225,2.18E+05
17226,9.65E+05
17227,5.55E+05
17228,1.01E+06
17229,5.88E+05
17230,1.77E+05
17231,4.34E+05
17232,2.92E+05
17233,3.59E+05
17234,5.99E+05
17235,5.52E+05
17236,5.12E+05
17237,5.66E+05
17238,2.96E+05
17239,1.65E+06
17240,2.22E+05
17241,2.41E+05
17242,2.32E+05
17243,4.87E+05
17244,2.92E+05
17245,5.45E+05
17246,2.95E+05
17247,3.52E+05
17248,3.85E+05
17249,5.58E+05
17250,6.45E+05
17251,1.83E+05
17252,3.84E+05
17253,2.34E+05
17254,4.50E+05
17255,3.73E+05
17256,6.10E+05
17257,2.37E+06
17258,6.42E+05
17259,7.10E+05
17260,2.00E+05
17261,5.33E+05
17262,5.92E+05
17263,4.15E+05
17264,6.06E+05
17265,2.37E+05
17266,6.56E+05
17267,3.36E+05
17268,8.11E+05
17269,4.78E+05
17270,2.71E+05
17271,3.16E+05
17272,5.61E+05
17273,3.64E+05
17274,5.58E+05
17275,4.60E+05
17276,2.26E+05
17277,4.28E+05
17278,2.93E+05
17279,3.18E+05
17280,6.74E+05
17281,5.71E+05
17282,5.07E+05
17283,6.15E+05
17284,3.67E+05
17285,3.08E+05
17286,2.33E+05
17287,2.41E+05
17288,2.73E+05
17289,4.33E+05
17290,9.07E+05
17291,4.72E+05
17292,2.62E+05
17293,3.72E+05
17294,3.78E+05
17295,5.18E+05
17296,1.64E+05
17297,7.20E+05
17298,4.03E+05
17299,8.83E+05
17300,1.81E+05
17301,3.46E+05
17302,6.47E+05
17303,1.15E+06
17304,4.45E+05
17305,3.59E+05
17306,7.31E+05
17307,5.13E+05
17308,3.40E+05
17309,2.32E+05
17310,4.63E+05
17311,4.44E+05
17312,2.67E+05
17313,1.24E+06
17314,7.41E+05
17315,2.36E+05
17316,6.95E+05
17317,3.00E+05
17318,3.23E+05
17319,3.26E+05
17320,4.79E+05
17321,1.46E+06
17322,1.89E+05
17323,6.09E+05
17324,1.27E+06
17325,2.72E+05
17326,4.90E+05
17327,4.84E+05
17328,2.61E+05
17329,1.17E+06
17330,2.42E+05
17331,6.64E+05
17332,8.05E+05
17333,4.35E+05
17334,3.94E+05
17335,3.85E+05
17336,2.25E+05
17337,7.02E+05
17338,5.65E+05
17339,2.14E+05
17340,5.28E+05
17341,2.36E+05
17342,3.31E+05
17343,3.76E+05
17344,3.58E+05
17345,2.63E+05
17346,4.80E+05
17347,5.43E+05
17348,6.52E+05
17349,2.00E+05
17350,2.86E+05
17351,5.71E+05
17352,4.20E+05
17353,6.40E+05
17354,5.44E+05
17355,5.45E+05
17356,3.14E+05
17357,7.85E+05
17358,2.19E+05
17359,3.25E+05
17360,6.58E+05
17361,5.91E+05
17362,6.44E+05
17363,6.91E+05
17364,6.71E+05
17365,4.21E+05
17366,8.15E+05
17367,2.54E+05
17368,4.32E+05
17369,8.73E+05
17370,4.19E+05
17371,2.85E+05
17372,5.23E+05
17373,3.93E+05
17374,4.09E+05
17375,3.22E+05
17376,4.62E+05
17377,4.48E+05
17378,9.63E+05
17379,6.40E+05
17380,3.62E+05
17381,7.09E+05
17382,1.58E+06
17383,8.63E+05
17384,4.01E+05
17385,7.97E+05
17386,4.55E+05
17387,5.12E+05
17388,1.08E+06
17389,2.06E+05
17390,5.01E+05
17391,3.79E+05
17392,3.64E+05
17393,7.50E+05
17394,2.78E+05
17395,2.60E+05
17396,3.80E+05
17397,4.55E+05
17398,2.29E+05
17399,2.86E+05
17400,4.26E+06
17401,5.97E+05
17402,4.83E+05
17403,5.88E+05
17404,3.62E+05
17405,3.21E+05
17406,4.73E+05
17407,3.82E+05
17408,3.77E+05
17409,2.91E+05
17410,5.74E+05
17411,4.07E+05
17412,2.99E+05
17413,3.37E+05
17414,4.98E+05
17415,3.43E+05
17416,6.16E+05
17417,2.86E+05
17418,7.93E+05
17419,9.04E+05
17420,1.80E+05
17421,5.63E+05
17422,5.53E+05
17423,1.97E+06
17424,2.99E+05
17425,2.89E+05
17426,3.60E+05
17427,4.44E+05
17428,5.55E+05
17429,2.35E+05
17430,1.92E+06
17431,8.20E+05
17432,5.97E+05
17433,2.87E+05
17434,2.84E+05
17435,3.23E+05
17436,4.45E+05
17437,6.36E+05
17438,2.32E+05
17439,1.76E+06
17440,3.76E+05
17441,3.12E+05
17442,6.57E+05
17443,4.81E+05
17444,6.28E+05
17445,5.09E+05
17446,3.60E+05
17447,5.92E+05
17448,2.80E+05
17449,2.87E+05
17450,3.61E+05
17451,3.39E+05
17452,2.97E+05
17453,2.90E+05
17454,3.58E+05
17455,2.84E+05
17456,4.34E+05
17457,4.19E+05
17458,5.05E+05
17459,1.81E+05
17460,5.10E+05
17461,4.66E+05
17462,5.98E+05
17463,6.13E+05
17464,3.88E+05
17465,2.22E+05
17466,4.59E+05
17467,6.50E+05
17468,3.54E+05
17469,6.59E+05
17470,4.21E+05
17471,2.72E+05
17472,2.94E+05
17473,2.45E+05
17474,8.08E+05
17475,7.02E+05
17476,5.38E+05
17477,2.97E+05
17478,2.94E+05
17479,5.17E+05
17480,3.33E+05
17481,2.32E+05
17482,5.49E+05
17483,4.13E+05
17484,3.87E+05
17485,2.82E+05
17486,7.88E+05
17487,3.68E+05
17488,4.32E+05
17489,5.29E+05
17490,5.41E+05
17491,6.78E+05
17492,6.64E+05
17493,4.85E+05
17494,5.70E+05
17495,2.10E+05
17496,3.34E+05
17497,5.67E+05
17498,7.66E+05
17499,3.08E+05
17500,1.08E+06
17501,4.27E+05
17502,7.04E+05
17503,5.38E+05
17504,3.70E+05
17505,2.82E+05
17506,2.23E+05
17507,2.52E+05
17508,4.54E+05
17509,3.05E+05
17510,4.83E+05
17511,8.21E+05
17512,5.23E+05
17513,6.76E+05
17514,4.00E+05
17515,3.41E+05
17516,2.96E+05
17517,2.89E+05
17518,3.89E+05
17519,2.87E+05
17520,2.39E+05
17521,2.37E+05
17522,4.26E+05
17523,1.28E+06
17524,3.34E+05
17525,7.82E+05
17526,2.74E+05
17527,3.41E+05
17528,6.41E+05
17529,5.07E+05
17530,3.13E+05
17531,2.99E+05
17532,7.16E+05
17533,2.65E+05
17534,4.10E+05
17535,2.18E+05
17536,4.30E+05
17537,6.15E+05
17538,5.31E+05
17539,4.42E+05
17540,5.45E+05
17541,2.81E+05
17542,2.88E+05
17543,3.95E+05
17544,8.06E+05
17545,1.04E+06
17546,6.16E+05
17547,9.01E+05
17548,1.36E+06
17549,4.27E+05
17550,5.44E+05
17551,3.11E+05
17552,4.72E+05
17553,4.94E+05
17554,3.16E+05
17555,5.27E+05
17556,2.00E+05
17557,2.63E+05
17558,4.97E+05
17559,5.25E+05
17560,5.28E+05
17561,4.94E+05
17562,8.30E+05
17563,1.05E+06
17564,8.18E+05
17565,4.43E+05
17566,1.03E+06
17567,4.69E+05
17568,2.95E+05
17569,1.97E+05
17570,3.14E+05
17571,3.45E+05
17572,6.29E+05
17573,1.68E+05
17574,3.96E+05
17575,8.32E+05
17576,2.94E+05
17577,2.61E+05
17578,4.60E+05
17579,6.07E+05
17580,2.18E+05
17581,3.42E+06
17582,4.61E+05
17583,3.29E+05
17584,6.99E+05
17585,3.47E+05
17586,6.23E+05
17587,6.15E+05
17588,4.61E+05
17589,2.52E+05
17590,3.94E+05
17591,4.17E+05
17592,2.74E+05
17593,5.83E+05
17594,8.68E+05
17595,3.91E+05
17596,6.12E+05
17597,5.47E+05
17598,4.05E+05
17599,4.88E+05
17600,2.51E+05
17601,7.27E+05
17602,5.75E+05
17603,3.74E+05
17604,5.24E+05
17605,6.12E+05
17606,2.11E+05
17607,8.02E+05
17608,3.59E+05
17609,2.93E+05
17610,7.57E+05
17611,7.98E+05
17612,4.48E+05
17613,2.85E+05
17614,2.99E+05
17615,3.98E+05
17616,4.69E+05
17617,4.52E+05
17618,3.96E+05
17619,4.90E+05
17620,3.30E+05
17621,4.88E+05
17622,2.52E+05
17623,2.95E+05
17624,2.51E+05
17625,4.86E+05
17626,3.32E+05
17627,4.92E+05
17628,2.14E+05
17629,1.38E+06
17630,3.18E+05
17631,3.39E+05
17632,6.17E+05
17633,3.85E+05
17634,2.29E+05
17635,1.35E+06
17636,2.41E+05
17637,5.80E+05
17638,3.11E+05
17639,9.94E+05
17640,8.38E+05
17641,2.19E+05
17642,2.43E+05
17643,9.06E+05
17644,4.27E+05
17645,2.70E+05
17646,3.75E+05
17647,3.35E+05
17648,5.74E+05
17649,5.40E+05
17650,2.40E+05
17651,1.20E+06
17652,3.06E+05
17653,2.09E+05
17654,3.93E+05
17655,4.02E+05
17656,3.18E+05
17657,4.34E+05
17658,2.87E+05
17659,6.02E+05
17660,2.64E+05
17661,3.05E+05
17662,3.03E+05
17663,2.59E+05
17664,2.43E+05
17665,2.61E+05
17666,5.27E+05
17667,3.92E+05
17668,3.62E+05
17669,5.68E+05
17670,3.92E+05
17671,3.50E+05
17672,5.26E+05
17673,3.12E+05
17674,3.64E+05
17675,3.08E+05
17676,2.53E+05
17677,4.35E+05
17678,2.60E+05
17679,2.28E+05
17680,7.63E+05
17681,3.64E+05
17682,7.29E+05
17683,4.04E+05
17684,3.95E+05
17685,5.29E+05
17686,6.95E+05
17687,5.59E+05
17688,4.27E+05
17689,5.54E+05
17690,4.84E+05
17691,3.25E+05
17692,6.57E+05
17693,1.26E+06
17694,6.55E+05
17695,9.45E+05
17696,3.24E+05
17697,4.37E+05
17698,5.48E+05
17699,7.79E+05
17700,3.31E+05
17701,6.97E+05
17702,4.43E+05
17703,3.69E+05
17704,6.15E+05
17705,5.73E+05
17706,3.92E+05
17707,7.03E+05
17708,5.55E+05
17709,5.45E+05
17710,2.85E+05
17711,3.66E+05
17712,3.98E+05
17713,4.77E+05
17714,4.32E+05
17715,2.99E+05
17716,6.60E+05
17717,2.24E+05
17718,3.39E+05
17719,3.87E+05
17720,3.29E+05
17721,5.21E+05
17722,2.63E+05
17723,5.68E+05
17724,5.08E+05
17725,4.12E+05
17726,6.91E+05
17727,1.05E+06
17728,2.25E+05
17729,6.02E+05
17730,6.04E+05
17731,8.49E+05
17732,1.01E+06
17733,9.35E+05
17734,2.65E+05
17735,8.43E+05
17736,2.08E+05
17737,3.50E+05
17738,1.97E+05
17739,4.83E+05
17740,2.49E+05
17741,5.60E+05
17742,5.14E+05
17743,3.35E+05
17744,5.96E+05
17745,5.26E+05
17746,5.44E+05
17747,3.37E+05
17748,1.26E+06
17749,3.33E+05
17750,4.06E+05
17751,7.26E+05
17752,3.82E+05
17753,3.45E+05
17754,4.99E+05
17755,4.89E+05
17756,2.67E+05
17757,5.57E+05
17758,5.50E+05
17759,3.67E+05
17760,4.39E+05
17761,4.06E+05
17762,3.31E+05
17763,4.44E+05
17764,7.45E+05
17765,5.77E+05
17766,6.95E+05
17767,6.31E+05
17768,6.24E+05
17769,4.30E+05
17770,5.22E+05
17771,4.40E+05
17772,2.63E+05
17773,6.66E+05
17774,2.85E+05
17775,4.83E+05
17776,6.43E+05
17777,5.62E+05
17778,4.49E+05
17779,4.00E+05
17780,8.97E+05
17781,2.57E+05
17782,5.69E+05
17783,5.11E+05
17784,1.99E+05
17785,2.69E+05
17786,5.67E+05
17787,3.02E+05
17788,7.26E+05
17789,2.73E+05
17790,7.43E+05
17791,6.83E+05
17792,1.76E+05
17793,2.91E+05
17794,3.43E+05
17795,1.16E+06
17796,1.10E+06
17797,7.75E+05
17798,6.33E+05
17799,2.29E+05
17800,2.53E+05
17801,1.98E+05
17802,5.11E+05
17803,3.50E+05
17804,2.98E+05
17805,4.13E+05
17806,2.85E+05
17807,4.29E+05
17808,6.87E+05
17809,3.07E+05
17810,3.81E+05
17811,5.78E+05
17812,2.02E+05
17813,7.94E+05
17814,2.46E+05
17815,5.55E+05
17816,4.29E+05
17817,4.29E+05
17818,3.12E+05
17819,4.60E+05
17820,8.87E+05
17821,2.97E+05
17822,3.86E+05
17823,6.72E+05
17824,3.24E+05
17825,3.84E+05
17826,2.84E+05
17827,8.01E+05
17828,7.13E+05
17829,4.85E+05
17830,3.90E+05
17831,2.83E+05
17832,7.44E+05
17833,3.27E+05
17834,3.74E+05
17835,3.03E+05
17836,2.51E+05
17837,2.65E+05
17838,4.82E+05
17839,2.40E+05
17840,2.84E+05
17841,2.49E+05
17842,3.71E+05
17843,8.07E+05
17844,4.21E+05
17845,7.92E+05
17846,6.63E+05
17847,4.24E+05
17848,2.56E+05
17849,1.26E+06
17850,3.62E+05
17851,6.54E+05
17852,8.98E+05
17853,6.78E+05
17854,4.28E+05
17855,3.07E+05
17856,7.78E+05
17857,7.80E+05
17858,4.59E+05
17859,5.17E+05
17860,4.36E+05
17861,4.37E+05
17862,4.98E+05
17863,2.90E+05
17864,5.50E+05
17865,1.70E+06
17866,2.37E+05
17867,5.81E+05
17868,2.82E+05
17869,4.59E+05
17870,2.47E+05
17871,1.71E+06
17872,2.69E+05
17873,3.49E+05
17874,7.72E+05
17875,2.34E+05
17876,3.76E+05
17877,5.31E+05
17878,6.51E+05
17879,5.61E+05
17880,9.08E+05
17881,3.13E+05
17882,6.32E+05
17883,1.16E+06
17884,3.84E+05
17885,4.62E+05
17886,2.91E+05
17887,8.11E+05
17888,2.16E+05
17889,4.67E+05
17890,2.63E+05
17891,4.96E+05
17892,3.91E+05
17893,6.15E+05
17894,9.11E+05
17895,3.52E+05
17896,3.09E+05
17897,6.48E+05
17898,1.80E+05
17899,5.29E+05
17900,5.50E+05
17901,3.51E+05
17902,6.54E+05
17903,2.73E+05
17904,2.13E+05
17905,7.92E+05
17906,2.14E+05
17907,4.29E+05
17908,2.77E+05
17909,5.01E+05
17910,7.41E+05
17911,4.56E+05
17912,2.84E+05
17913,2.90E+05
17914,4.67E+05
17915,1.00E+06
17916,5.18E+05
17917,5.41E+05
17918,4.38E+05
17919,4.51E+05
17920,7.28E+05
17921,5.71E+05
17922,3.11E+05
17923,1.88E+05
17924,5.88E+05
17925,2.52E+05
17926,2.61E+05
17927,2.49E+05
17928,4.86E+05
17929,3.31E+05
17930,2.77E+05
17931,4.87E+05
17932,2.82E+05
17933,7.67E+05
17934,7.10E+05
17935,3.47E+05
17936,9.75E+05
17937,5.03E+05
17938,4.38E+05
17939,6.55E+05
17940,2.46E+05
17941,1.96E+05
17942,2.61E+05
17943,2.12E+05
17944,6.78E+05
17945,3.49E+05
17946,6.67E+05
17947,2.80E+05
17948,6.80E+05
17949,9.28E+05
17950,4.47E+05
17951,3.62E+05
17952,3.63E+05
17953,4.99E+05
17954,3.14E+05
17955,2.56E+05
17956,5.15E+05
17957,2.36E+05
17958,4.66E+05
17959,7.97E+05
17960,5.11E+05
17961,9.25E+05
17962,2.51E+05
17963,5.28E+05
17964,6.77E+05
17965,4.50E+05
17966,4.29E+05
17967,6.73E+05
17968,4.90E+05
17969,4.81E+05
17970,5.15E+05
17971,4.32E+05
17972,4.99E+05
17973,3.47E+05
17974,8.72E+05
17975,2.01E+05
17976,2.19E+05
17977,2.31E+05
17978,7.70E+05
17979,7.85E+05
17980,5.95E+05
17981,6.00E+05
17982,6.78E+05
17983,5.03E+05
17984,1.86E+05
17985,4.98E+05
17986,4.20E+05
17987,5.01E+05
17988,4.42E+05
17989,2.56E+05
17990,5.89E+05
17991,5.05E+05
17992,4.19E+05
17993,4.53E+05
17994,2.62E+05
17995,3.59E+05
17996,5.71E+05
17997,5.46E+05
17998,6.42E+05
17999,3.27E+05
18000,5.25E+05
18001,5.19E+05
18002,7.58E+05
18003,5.84E+05
18004,9.99E+05
18005,5.36E+05
18006,2.81E+05
18007,3.65E+05
18008,6.01E+05
18009,1.34E+06
18010,7.71E+05
18011,6.64E+05
18012,4.03E+05
18013,4.16E+05
18014,4.80E+05
18015,6.42E+05
18016,6.03E+05
18017,7.98E+05
18018,4.51E+05
18019,2.91E+05
18020,2.75E+05
18021,2.51E+05
18022,5.54E+05
18023,3.21E+05
18024,3.57E+05
18025,2.27E+05
18026,6.41E+05
18027,3.34E+05
18028,8.23E+05
18029,5.25E+05
18030,5.14E+05
18031,3.58E+05
18032,3.70E+05
18033,7.64E+05
18034,8.67E+05
18035,2.46E+05
18036,4.07E+05
18037,4.76E+05
18038,4.03E+05
18039,8.18E+05
18040,7.18E+05
18041,1.01E+06
18042,3.35E+05
18043,6.67E+05
18044,3.17E+05
18045,3.24E+05
18046,4.90E+05
18047,2.53E+05
18048,2.70E+05
18049,4.59E+05
18050,5.23E+05
18051,6.32E+05
18052,1.38E+05
18053,4.52E+05
18054,4.51E+05
18055,6.90E+05
18056,2.93E+05
18057,1.10E+06
18058,5.09E+05
18059,1.86E+05
18060,2.49E+05
18061,3.24E+05
18062,2.40E+05
18063,8.35E+05
18064,7.89E+05
18065,3.00E+05
18066,2.75E+05
18067,1.14E+06
18068,2.32E+05
18069,1.70E+05
18070,2.98E+05
18071,7.16E+05
18072,1.04E+06
18073,4.22E+05
18074,5.77E+05
18075,3.84E+05
18076,5.40E+05
18077,2.15E+05
18078,4.01E+05
18079,3.41E+05
18080,4.59E+05
18081,3.38E+05
18082,3.45E+05
18083,5.64E+05
18084,3.22E+05
18085,3.88E+05
18086,4.68E+05
18087,7.15E+05
18088,3.38E+05
18089,3.74E+05
18090,2.42E+05
18091,9.53E+05
18092,3.24E+05
18093,5.70E+05
18094,5.03E+05
18095,2.98E+05
18096,5.09E+05
18097,9.90E+05
18098,4.49E+05
18099,3.83E+05
18100,5.19E+05
18101,2.50E+05
18102,5.34E+05
18103,6.11E+05
18104,3.80E+05
18105,8.24E+05
18106,6.75E+05
18107,6.97E+05
18108,2.80E+05
18109,8.83E+05
18110,1.26E+06
18111,2.42E+05
18112,3.65E+05
18113,5.56E+05
18114,2.60E+05
18115,5.38E+05
18116,7.97E+05
18117,6.91E+05
18118,4.30E+05
18119,1.10E+06
18120,2.58E+05
18121,3.11E+05
18122,6.35E+05
18123,3.26E+05
18124,4.28E+05
18125,2.35E+05
18126,3.60E+05
18127,4.77E+05
18128,6.43E+05
18129,2.69E+05
18130,4.82E+05
18131,4.34E+05
18132,2.48E+05
18133,3.06E+05
18134,4.43E+05
18135,1.64E+05
18136,2.61E+05
18137,9.66E+05
18138,3.27E+05
18139,4.81E+05
18140,8.10E+05
18141,4.66E+05
18142,2.28E+05
18143,7.93E+05
18144,3.11E+05
18145,4.35E+05
18146,2.15E+05
18147,1.89E+05
18148,2.43E+05
18149,6.45E+05
18150,2.00E+05
18151,4.45E+05
18152,1.05E+06
18153,2.60E+05
18154,7.20E+05
18155,1.74E+05
18156,3.31E+05
18157,5.49E+05
18158,3.72E+05
18159,3.07E+05
18160,6.12E+05
18161,3.33E+05
18162,2.47E+05
18163,3.89E+05
18164,3.58E+05
18165,3.61E+05
18166,8.64E+05
18167,4.71E+05
18168,3.99E+05
18169,2.82E+05
18170,3.93E+05
18171,7.11E+05
18172,2.93E+05
18173,4.17E+05
18174,4.72E+05
18175,7.63E+05
18176,7.59E+05
18177,2.37E+05
18178,4.96E+05
18179,4.36E+05
18180,3.38E+05
18181,2.60E+05
18182,2.42E+05
18183,5.98E+05
18184,2.83E+05
18185,1.06E+06
18186,2.91E+05
18187,5.54E+05
18188,1.23E+06
18189,4.01E+05
18190,3.19E+05
18191,1.19E+06
18192,3.94E+05
18193,3.21E+05
18194,5.05E+05
18195,4.83E+05
18196,7.75E+05
18197,4.13E+05
18198,5.46E+05
18199,5.54E+05
18200,7.28E+05
18201,4.00E+05
18202,1.01E+06
18203,1.76E+05
18204,2.20E+05
18205,2.78E+05
18206,4.19E+05
18207,4.16E+05
18208,3.57E+05
18209,7.01E+05
18210,2.02E+05
18211,3.01E+05
18212,4.74E+05
18213,2.93E+05
18214,4.48E+05
18215,3.89E+05
18216,5.70E+05
18217,3.44E+05
18218,3.95E+05
18219,6.99E+05
18220,1.44E+05
18221,3.65E+05
18222,5.80E+05
18223,2.47E+05
18224,2.80E+05
18225,4.43E+05
18226,2.19E+05
18227,2.99E+05
18228,5.14E+05
18229,8.55E+05
18230,4.43E+05
18231,1.04E+06
18232,4.13E+05
18233,2.06E+05
18234,4.98E+05
18235,3.41E+05
18236,8.19E+05
18237,4.56E+05
18238,6.02E+05
18239,4.78E+05
18240,6.60E+05
18241,7.06E+05
18242,9.06E+05
18243,6.91E+05
18244,4.81E+05
18245,2.21E+05
18246,4.95E+05
18247,5.65E+05
18248,5.60E+05
18249,6.01E+05
18250,5.85E+05
18251,3.58E+05
18252,1.37E+06
18253,4.93E+05
18254,2.03E+05
18255,6.86E+05
18256,2.57E+05
18257,7.73E+05
18258,2.30E+05
18259,5.94E+05
18260,4.49E+05
18261,6.09E+05
18262,3.03E+05
18263,5.35E+05
18264,4.11E+05
18265,3.71E+05
18266,4.20E+05
18267,2.72E+05
18268,1.57E+05
18269,4.36E+05
18270,2.43E+05
18271,4.46E+05
18272,4.78E+05
18273,3.19E+05
18274,4.05E+05
18275,7.09E+05
18276,2.05E+05
18277,4.62E+05
18278,4.89E+05
18279,4.27E+05
18280,1.27E+06
18281,1.45E+05
18282,1.85E+06
18283,6.87E+05
18284,2.80E+05
18285,7.57E+05
18286,2.95E+05
18287,4.43E+05
18288,3.06E+05
18289,6.85E+05
18290,3.74E+05
18291,3.92E+05
18292,5.57E+05
18293,8.72E+05
18294,3.91E+05
18295,1.54E+06
18296,1.19E+06
18297,2.75E+05
18298,8.26E+05
18299,3.59E+05
18300,5.27E+05
18301,3.65E+05
18302,3.09E+05
18303,4.67E+05
18304,3.45E+05
18305,4.23E+05
18306,4.07E+05
18307,2.37E+05
18308,8.66E+05
18309,5.79E+05
18310,1.38E+06
18311,3.27E+05
18312,5.64E+05
18313,7.48E+05
18314,3.10E+05
18315,1.07E+06
18316,5.54E+05
18317,3.86E+05
18318,3.35E+05
18319,3.44E+05
18320,3.60E+05
18321,3.81E+05
18322,3.80E+05
18323,7.73E+05
18324,3.32E+05
18325,4.82E+05
18326,4.39E+05
18327,3.18E+05
18328,5.24E+05
18329,3.42E+05
18330,3.78E+05
18331,3.20E+05
18332,7.66E+05
18333,2.15E+05
18334,8.09E+05
18335,3.47E+05
18336,4.11E+05
18337,4.58E+05
18338,2.84E+05
18339,2.37E+05
18340,2.77E+05
18341,5.20E+05
18342,2.20E+05
18343,5.47E+05
18344,3.88E+05
18345,4.20E+05
18346,4.30E+05
18347,2.25E+05
18348,2.48E+05
18349,7.00E+05
18350,3.87E+05
18351,5.94E+05
18352,2.62E+05
18353,3.44E+05
18354,5.64E+05
18355,6.62E+05
18356,2.16E+05
18357,3.52E+05
18358,5.57E+05
18359,2.72E+05
18360,2.40E+05
18361,7.26E+05
18362,3.82E+05
18363,5.99E+05
18364,3.42E+05
18365,4.27E+05
18366,2.73E+05
18367,3.91E+05
18368,6.86E+05
18369,4.38E+05
18370,5.71E+05
18371,2.70E+05
18372,2.60E+05
18373,4.93E+05
18374,4.23E+05
18375,1.45E+06
18376,4.11E+05
18377,8.21E+05
18378,1.20E+06
18379,5.66E+05
18380,3.24E+05
18381,2.70E+05
18382,2.80E+05
18383,5.92E+05
18384,2.96E+05
18385,2.25E+05
18386,4.52E+05
18387,1.82E+05
18388,2.63E+06
18389,9.52E+05
18390,2.58E+05
18391,5.13E+05
18392,6.47E+05
18393,4.88E+05
18394,5.06E+05
18395,2.05E+06
18396,7.57E+05
18397,2.13E+05
18398,2.02E+05
18399,7.10E+05
18400,9.87E+05
18401,3.00E+05
18402,7.36E+05
18403,5.31E+05
18404,2.31E+05
18405,5.28E+05
18406,6.82E+05
18407,5.99E+05
18408,6.37E+05
18409,5.67E+05
18410,1.09E+06
18411,2.65E+05
18412,5.72E+05
18413,2.53E+05
18414,2.88E+05
18415,2.41E+05
18416,7.57E+05
18417,2.97E+05
18418,4.15E+05
18419,4.89E+05
18420,7.06E+05
18421,7.40E+05
18422,2.41E+05
18423,2.49E+05
18424,3.44E+05
18425,2.73E+05
18426,1.46E+06
18427,3.07E+05
18428,8.93E+05
18429,3.13E+06
18430,5.94E+05
18431,4.56E+05
18432,2.73E+05
18433,5.27E+05
18434,4.52E+05
18435,2.72E+05
18436,7.81E+05
18437,2.58E+05
18438,5.72E+05
18439,8.97E+05
18440,3.47E+05
18441,7.32E+05
18442,2.16E+06
18443,2.48E+05
18444,6.44E+05
18445,5.55E+05
18446,2.58E+05
18447,5.36E+05
18448,3.75E+05
18449,9.31E+05
18450,8.77E+05
18451,4.92E+05
18452,4.37E+05
18453,6.00E+05
18454,8.87E+05
18455,2.74E+05
18456,6.73E+05
18457,1.15E+06
18458,8.11E+05
18459,5.59E+05
18460,4.82E+05
18461,2.73E+05
18462,1.02E+06
18463,7.20E+05
18464,6.93E+05
18465,9.00E+05
18466,4.69E+05
18467,8.15E+05
18468,2.52E+05
18469,4.89E+05
18470,7.25E+05
18471,3.87E+05
18472,2.37E+05
18473,3.16E+05
18474,3.23E+05
18475,2.57E+05
18476,4.39E+05
18477,4.46E+05
18478,4.54E+05
18479,1.88E+05
18480,2.60E+05
18481,4.05E+05
18482,3.25E+05
18483,5.84E+05
18484,5.70E+05
18485,3.91E+05
18486,1.12E+06
18487,9.31E+05
18488,9.43E+05
18489,5.55E+05
18490,2.42E+05
18491,4.24E+05
18492,2.10E+05
18493,4.51E+05
18494,3.68E+05
18495,3.86E+05
18496,4.61E+05
18497,9.47E+05
18498,7.01E+05
18499,4.59E+05
18500,2.03E+05
18501,2.74E+05
18502,5.78E+05
18503,2.23E+05
18504,5.46E+05
18505,3.34E+05
18506,7.28E+05
18507,3.46E+05
18508,3.61E+05
18509,1.07E+06
18510,2.56E+05
18511,4.11E+05
18512,2.54E+05
18513,8.12E+05
18514,2.39E+05
18515,4.86E+05
18516,5.12E+05
18517,2.23E+05
18518,5.83E+05
18519,3.09E+05
18520,2.80E+05
18521,7.49E+05
18522,6.98E+05
18523,2.22E+05
18524,2.92E+05
18525,3.95E+05
18526,6.33E+05
18527,6.18E+05
18528,2.95E+05
18529,4.04E+05
18530,6.44E+05
18531,5.17E+05
18532,7.61E+05
18533,5.53E+05
18534,4.79E+05
18535,1.36E+06
18536,3.90E+05
18537,2.73E+05
18538,9.73E+05
18539,3.60E+05
18540,2.90E+05
18541,3.09E+05
18542,3.10E+05
18543,1.22E+06
18544,3.69E+05
18545,3.82E+05
18546,2.72E+05
18547,1.97E+05
18548,4.88E+05
18549,4.68E+05
18550,6.52E+05
18551,3.29E+05
18552,3.26E+05
18553,3.64E+05
18554,1.42E+06
18555,6.49E+05
18556,4.84E+05
18557,2.78E+05
18558,7.11E+05
18559,4.64E+05
18560,4.47E+05
18561,5.05E+05
18562,3.46E+05
18563,2.16E+05
18564,3.39E+05
18565,1.34E+06
18566,2.73E+05
18567,3.10E+05
18568,3.49E+05
18569,4.32E+05
18570,3.82E+05
18571,6.26E+05
18572,4.48E+05
18573,4.11E+05
18574,3.82E+05
18575,2.45E+05
18576,2.53E+05
18577,4.19E+05
18578,5.95E+05
18579,1.36E+06
18580,2.42E+05
18581,2.21E+05
18582,1.04E+06
18583,3.88E+05
18584,2.22E+06
18585,3.91E+05
18586,5.81E+05
18587,2.71E+05
18588,5.65E+05
18589,7.27E+05
18590,7.98E+05
18591,6.77E+05
18592,3.25E+05
18593,4.63E+05
18594,4.27E+05
18595,3.02E+05
18596,8.20E+05
18597,3.81E+05
18598,3.53E+05
18599,4.55E+05
18600,1.02E+06
18601,7.22E+05
18602,2.48E+05
18603,4.16E+05
18604,5.02E+05
18605,1.14E+06
18606,4.04E+05
18607,3.07E+05
18608,5.88E+05
18609,3.01E+05
18610,2.82E+05
18611,4.53E+05
18612,3.74E+05
18613,3.11E+05
18614,4.50E+05
18615,1.94E+05
18616,6.05E+05
18617,6.08E+05
18618,3.39E+05
18619,3.28E+05
18620,4.81E+05
18621,3.28E+05
18622,4.59E+05
18623,2.31E+05
18624,9.93E+05
18625,3.33E+05
18626,5.69E+05
18627,3.21E+05
18628,3.98E+05
18629,3.04E+05
18630,2.69E+05
18631,3.56E+05
18632,3.23E+05
18633,5.13E+05
18634,4.61E+05
18635,1.80E+05
18636,4.36E+05
18637,2.63E+05
18638,2.51E+05
18639,5.67E+05
18640,3.99E+05
18641,6.11E+05
18642,5.90E+05
18643,1.15E+06
18644,7.30E+05
18645,4.39E+05
18646,2.10E+05
18647,1.92E+05
18648,1.00E+06
18649,9.84E+05
18650,4.05E+05
18651,4.33E+05
18652,5.66E+05
18653,3.06E+05
18654,4.12E+05
18655,3.72E+05
18656,3.66E+05
18657,3.26E+05
18658,1.79E+06
18659,5.94E+05
18660,5.11E+05
18661,2.45E+05
18662,2.97E+05
18663,5.79E+05
18664,2.14E+05
18665,1.46E+06
18666,5.65E+05
18667,2.60E+05
18668,2.24E+05
18669,5.97E+05
18670,3.45E+05
18671,2.56E+05
18672,5.40E+05
18673,2.42E+05
18674,6.75E+05
18675,4.26E+05
18676,5.65E+05
18677,4.16E+05
18678,4.97E+05
18679,7.33E+05
18680,1.20E+06
18681,4.90E+05
18682,2.18E+05
18683,3.29E+05
18684,8.61E+05
18685,5.43E+05
18686,6.59E+05
18687,5.60E+05
18688,4.63E+05
18689,2.64E+05
18690,9.53E+05
18691,3.94E+05
18692,3.05E+05
18693,2.25E+05
18694,2.93E+05
18695,9.52E+05
18696,1.75E+05
18697,3.37E+05
18698,6.97E+05
18699,2.69E+05
18700,1.91E+05
18701,7.05E+05
18702,3.82E+05
18703,1.18E+06
18704,8.73E+05
18705,4.19E+05
18706,3.71E+05
18707,4.79E+05
18708,3.12E+05
18709,2.44E+05
18710,3.50E+05
18711,8.30E+05
18712,2.88E+06
18713,4.74E+05
18714,2.48E+05
18715,3.34E+05
18716,5.69E+05
18717,7.09E+05
18718,5.60E+05
18719,9.70E+05
18720,6.48E+05
18721,2.44E+05
18722,3.01E+05
18723,8.52E+05
18724,2.71E+05
18725,3.08E+05
18726,6.13E+05
18727,5.36E+05
18728,2.64E+05
18729,5.60E+05
18730,6.25E+05
18731,7.64E+05
18732,4.30E+05
18733,3.64E+05
18734,9.28E+05
18735,2.59E+05
18736,6.33E+05
18737,1.80E+05
18738,6.34E+05
18739,2.77E+05
18740,3.90E+05
18741,6.04E+05
18742,2.37E+05
18743,7.33E+05
18744,4.77E+05
18745,2.11E+05
18746,2.77E+05
18747,3.21E+05
18748,5.69E+05
18749,1.27E+06
18750,3.40E+05
18751,7.35E+05
18752,3.57E+05
18753,8.47E+05
18754,5.25E+05
18755,6.82E+05
18756,8.61E+05
18757,3.39E+05
18758,5.26E+05
18759,2.69E+05
18760,5.98E+05
18761,4.21E+05
18762,8.03E+05
18763,3.86E+05
18764,6.23E+05
18765,8.19E+05
18766,3.24E+05
18767,6.11E+05
18768,1.68E+06
18769,6.94E+05
18770,6.58E+05
18771,1.01E+06
18772,7.04E+05
18773,6.58E+05
18774,1.02E+06
18775,3.08E+05
18776,3.53E+05
18777,2.58E+05
18778,2.41E+05
18779,5.22E+05
18780,3.59E+05
18781,4.45E+05
18782,6.14E+05
18783,4.23E+05
18784,2.70E+05
18785,4.18E+05
18786,4.91E+05
18787,2.35E+06
18788,3.26E+05
18789,9.50E+05
18790,3.66E+05
18791,3.51E+05
18792,3.95E+05
18793,2.73E+05
18794,2.39E+05
18795,6.66E+05
18796,4.27E+05
18797,5.46E+05
18798,1.44E+06
18799,2.30E+05
18800,2.54E+05
18801,4.44E+05
18802,4.44E+05
18803,4.04E+05
18804,4.38E+05
18805,6.91E+05
18806,7.68E+05
18807,2.65E+05
18808,5.40E+05
18809,6.96E+05
18810,2.60E+05
18811,2.62E+05
18812,4.41E+05
18813,4.84E+05
18814,3.40E+05
18815,4.88E+05
18816,3.08E+05
18817,5.41E+05
18818,4.37E+05
18819,7.27E+05
18820,4.48E+05
18821,3.66E+05
18822,4.61E+05
18823,5.61E+05
18824,4.86E+05
18825,2.33E+05
18826,3.70E+05
18827,3.26E+05
18828,5.10E+05
18829,8.77E+05
18830,5.29E+05
18831,3.74E+05
18832,3.20E+05
18833,5.02E+05
18834,2.09E+05
18835,6.44E+05
18836,9.08E+05
18837,3.15E+05
18838,3.56E+05
18839,5.58E+05
18840,4.30E+05
18841,3.46E+05
18842,6.06E+05
18843,4.46E+05
18844,4.38E+05
18845,7.55E+05
18846,4.50E+05
18847,1.88E+05
18848,6.42E+05
18849,3.74E+05
18850,3.32E+05
18851,7.17E+05
18852,3.94E+05
18853,3.23E+05
18854,6.96E+05
18855,3.19E+05
18856,3.89E+05
18857,3.01E+05
18858,1.87E+05
18859,2.35E+05
18860,3.96E+05
18861,5.35E+05
18862,4.47E+05
18863,3.67E+05
18864,1.84E+05
18865,3.43E+05
18866,1.00E+06
18867,3.51E+05
18868,5.14E+05
18869,3.26E+05
18870,8.74E+05
18871,4.28E+05
18872,3.90E+05
18873,5.48E+05
18874,5.67E+05
18875,3.88E+05
18876,7.20E+05
18877,4.79E+05
18878,6.87E+05
18879,4.25E+05
18880,3.73E+05
18881,3.18E+05
18882,4.67E+05
18883,3.11E+05
18884,2.11E+05
18885,7.96E+05
18886,3.80E+05
18887,3.52E+05
18888,2.41E+05
18889,5.03E+05
18890,4.92E+05
18891,2.40E+05
18892,2.93E+05
18893,3.86E+05
18894,5.77E+05
18895,1.83E+05
18896,5.52E+05
18897,3.16E+05
18898,3.72E+05
18899,6.11E+05
18900,3.00E+05
18901,5.01E+05
18902,5.95E+05
18903,3.68E+05
18904,2.22E+05
18905,3.41E+05
18906,9.82E+05
18907,6.75E+05
18908,3.11E+05
18909,2.86E+05
18910,6.25E+05
18911,3.37E+05
18912,7.00E+05
18913,5.85E+05
18914,8.43E+05
18915,5.04E+05
18916,4.50E+05
18917,4.25E+05
18918,1.68E+05
18919,3.57E+05
18920,2.49E+05
18921,3.55E+05
18922,1.43E+06
18923,6.92E+05
18924,7.05E+05
18925,3.22E+05
18926,7.71E+05
18927,9.56E+05
18928,4.85E+05
18929,3.02E+05
18930,1.33E+06
18931,3.20E+05
18932,7.05E+05
18933,4.74E+05
18934,6.72E+05
18935,7.94E+05
18936,3.63E+05
18937,5.67E+05
18938,3.07E+05
18939,7.63E+05
18940,2.16E+05
18941,4.56E+05
18942,2.88E+05
18943,2.66E+05
18944,6.26E+05
18945,2.34E+05
18946,4.75E+05
18947,5.79E+05
18948,2.20E+05
18949,2.43E+05
18950,1.68E+06
18951,3.33E+05
18952,2.46E+05
18953,5.70E+05
18954,4.63E+05
18955,7.01E+05
18956,5.63E+05
18957,6.42E+05
18958,3.67E+05
18959,5.81E+05
18960,6.64E+05
18961,2.90E+05
18962,5.68E+05
18963,3.44E+05
18964,5.44E+05
18965,8.79E+05
18966,4.47E+05
18967,1.01E+06
18968,6.54E+05
18969,2.61E+05
18970,4.90E+05
18971,3.02E+05
18972,2.83E+05
18973,5.01E+05
18974,3.36E+05
18975,7.26E+05
18976,2.82E+05
18977,4.37E+05
18978,4.58E+05
18979,1.85E+05
18980,2.62E+05
18981,1.02E+06
18982,3.95E+05
18983,2.41E+05
18984,8.01E+05
18985,3.40E+05
18986,5.76E+05
18987,7.94E+05
18988,3.11E+05
18989,2.19E+05
18990,5.67E+05
18991,1.21E+06
18992,2.67E+05
18993,4.27E+05
18994,3.11E+05
18995,3.22E+05
18996,7.91E+05
18997,3.03E+05
18998,3.41E+05
18999,5.12E+05
19000,3.23E+05
19001,3.23E+05
19002,2.94E+05
19003,1.09E+06
19004,3.10E+05
19005,8.87E+05
19006,1.24E+06
19007,5.15E+05
19008,6.35E+05
19009,2.42E+05
19010,1.94E+05
19011,5.08E+05
19012,5.73E+05
19013,5.95E+05
19014,6.37E+05
19015,2.22E+05
19016,6.11E+05
19017,4.69E+05
19018,2.05E+06
19019,5.53E+05
19020,7.21E+05
19021,6.90E+05
19022,2.50E+06
19023,3.69E+05
19024,4.01E+05
19025,3.56E+05
19026,4.52E+05
19027,5.01E+05
19028,7.24E+05
19029,5.24E+05
19030,7.92E+05
19031,2.00E+05
19032,2.55E+05
19033,4.68E+05
19034,3.40E+05
19035,3.29E+05
19036,4.51E+05
19037,8.18E+05
19038,5.17E+05
19039,7.57E+05
19040,6.06E+05
19041,5.77E+05
19042,4.23E+05
19043,6.34E+05
19044,8.22E+05
19045,4.75E+05
19046,4.05E+05
19047,4.18E+05
19048,1.57E+06
19049,5.69E+05
19050,5.57E+05
19051,2.51E+05
19052,1.78E+05
19053,4.41E+05
19054,8.11E+05
19055,3.16E+05
19056,2.24E+05
19057,2.67E+05
19058,5.90E+05
19059,5.49E+05
19060,2.01E+05
19061,3.53E+05
19062,3.19E+05
19063,3.22E+05
19064,3.15E+05
19065,1.69E+06
19066,2.43E+05
19067,3.76E+05
19068,8.61E+05
19069,5.50E+05
19070,3.03E+05
19071,6.41E+05
19072,3.32E+05
19073,2.42E+05
19074,7.45E+05
19075,3.36E+05
19076,2.85E+05
19077,6.59E+05
19078,5.49E+05
19079,3.21E+05
19080,4.07E+05
19081,2.48E+05
19082,9.66E+05
19083,3.41E+05
19084,5.44E+05
19085,6.08E+05
19086,4.77E+05
19087,3.71E+05
19088,2.24E+05
19089,2.54E+05
19090,7.81E+05
19091,4.88E+05
19092,3.18E+05
19093,6.15E+05
19094,4.00E+05
19095,3.31E+05
19096,4.51E+05
19097,7.98E+05
19098,5.34E+05
19099,4.12E+05
19100,3.26E+05
19101,2.81E+05
19102,2.56E+05
19103,2.04E+05
19104,4.81E+05
19105,2.95E+05
19106,7.45E+05
19107,5.10E+05
19108,4.30E+05
19109,2.70E+05
19110,4.43E+05
19111,6.56E+05
19112,2.06E+05
19113,1.50E+06
19114,3.24E+05
19115,8.30E+05
19116,2.35E+05
19117,7.30E+05
19118,4.02E+05
19119,1.14E+06
19120,3.10E+05
19121,2.53E+05
19122,6.55E+05
19123,1.22E+06
19124,2.91E+05
19125,3.91E+05
19126,3.12E+05
19127,8.77E+05
19128,3.99E+05
19129,1.06E+06
19130,3.14E+05
19131,3.57E+05
19132,4.35E+05
19133,5.47E+05
19134,5.93E+05
19135,5.46E+05
19136,1.42E+05
19137,8.86E+05
19138,3.32E+05
19139,4.87E+05
19140,2.91E+05
19141,2.61E+05
19142,3.07E+05
19143,3.71E+05
19144,4.93E+05
19145,5.61E+05
19146,7.04E+05
19147,5.90E+05
19148,6.42E+05
19149,3.71E+05
19150,2.05E+05
19151,5.55E+05
19152,4.81E+05
19153,5.31E+05
19154,2.31E+05
19155,5.57E+05
19156,3.20E+05
19157,4.47E+05
19158,5.64E+05
19159,4.72E+05
19160,3.12E+05
19161,3.09E+05
19162,6.82E+05
19163,6.49E+05
19164,4.24E+05
19165,3.32E+05
19166,2.31E+05
19167,6.94E+05
19168,3.26E+05
19169,6.46E+05
19170,4.98E+05
19171,2.76E+05
19172,5.99E+05
19173,7.00E+05
19174,4.55E+05
19175,5.81E+05
19176,1.91E+05
19177,5.00E+05
19178,4.78E+05
19179,4.03E+05
19180,7.18E+05
19181,6.79E+05
19182,5.16E+05
19183,3.54E+05
19184,6.03E+05
19185,5.89E+05
19186,3.08E+05
19187,2.33E+05
19188,5.19E+05
19189,2.71E+05
19190,1.07E+06
19191,8.05E+05
19192,3.54E+05
19193,4.56E+05
19194,8.04E+05
19195,5.03E+05
19196,5.02E+05
19197,2.84E+06
19198,2.56E+05
19199,3.64E+05
19200,3.07E+05
19201,9.25E+05
19202,4.03E+05
19203,1.02E+06
19204,3.15E+05
19205,1.76E+05
19206,5.96E+05
19207,6.08E+05
19208,1.82E+05
19209,1.34E+05
19210,3.37E+05
19211,2.28E+05
19212,4.44E+05
19213,2.22E+05
19214,5.04E+05
19215,3.83E+05
19216,3.80E+05
19217,1.87E+06
19218,7.01E+05
19219,3.03E+05
19220,6.72E+05
19221,4.16E+05
19222,2.31E+06
19223,4.25E+05
19224,3.63E+05
19225,6.68E+05
19226,2.78E+05
19227,2.89E+05
19228,3.73E+05
19229,4.27E+05
19230,4.53E+05
19231,7.54E+05
19232,8.51E+05
19233,5.21E+05
19234,6.88E+05
19235,6.78E+05
19236,4.93E+05
19237,6.83E+05
19238,2.91E+05
19239,8.91E+05
19240,2.84E+05
19241,6.85E+05
19242,3.12E+05
19243,2.84E+05
19244,6.90E+05
19245,5.75E+05
19246,6.31E+05
19247,3.06E+05
19248,6.69E+05
19249,1.05E+06
19250,2.76E+05
19251,2.77E+05
19252,5.29E+05
19253,2.08E+05
19254,3.85E+05
19255,4.17E+05
19256,2.41E+05
19257,2.02E+05
19258,6.53E+05
19259,2.30E+06
19260,5.76E+05
19261,6.47E+05
19262,1.27E+06
19263,4.83E+05
19264,2.48E+05
19265,7.37E+05
19266,6.57E+05
19267,3.56E+05
19268,6.47E+05
19269,7.74E+05
19270,4.02E+05
19271,2.61E+05
19272,3.34E+05
19273,2.70E+05
19274,6.71E+05
19275,4.67E+05
19276,4.59E+05
19277,2.94E+05
19278,2.40E+05
19279,1.27E+06
19280,4.04E+05
19281,3.11E+05
19282,3.88E+05
19283,6.21E+05
19284,5.14E+05
19285,3.77E+05
19286,3.57E+05
19287,5.86E+05
19288,6.76E+05
19289,2.34E+05
19290,5.42E+05
19291,5.35E+05
19292,7.74E+05
19293,5.38E+05
19294,5.18E+05
19295,2.78E+05
19296,8.07E+05
19297,1.23E+06
19298,3.93E+05
19299,6.73E+05
19300,5.40E+05
19301,3.59E+05
19302,1.95E+05
19303,4.41E+05
19304,3.36E+05
19305,9.11E+05
19306,2.83E+05
19307,5.36E+05
19308,4.77E+05
19309,4.23E+05
19310,1.53E+06
19311,2.09E+05
19312,1.72E+05
19313,8.21E+05
19314,3.49E+05
19315,1.05E+06
19316,4.59E+05
19317,5.88E+05
19318,2.31E+05
19319,2.31E+05
19320,5.01E+05
19321,4.16E+05
19322,2.83E+05
19323,1.98E+05
19324,1.64E+05
19325,4.26E+05
19326,4.17E+05
19327,5.46E+05
19328,5.69E+05
19329,6.49E+05
19330,3.43E+05
19331,2.11E+05
19332,6.41E+05
19333,3.31E+05
19334,3.87E+05
19335,3.01E+05
19336,2.29E+05
19337,4.21E+05
19338,4.70E+05
19339,4.38E+05
19340,3.11E+05
19341,2.42E+05
19342,3.73E+05
19343,1.82E+06
19344,2.59E+05
19345,2.51E+05
19346,4.03E+05
19347,3.68E+05
19348,3.56E+05
19349,3.98E+05
19350,2.59E+05
19351,7.47E+05
19352,4.79E+05
19353,3.59E+05
19354,2.97E+05
19355,5.36E+05
19356,3.02E+05
19357,1.67E+06
19358,4.64E+05
19359,3.50E+05
19360,3.57E+05
19361,1.75E+05
19362,2.14E+05
19363,5.97E+05
19364,6.93E+05
19365,4.45E+05
19366,4.25E+05
19367,5.97E+05
19368,2.67E+05
19369,8.19E+05
19370,3.44E+05
19371,2.46E+05
19372,4.25E+05
19373,5.57E+05
19374,2.46E+05
19375,3.28E+05
19376,6.00E+05
19377,5.22E+05
19378,5.31E+05
19379,4.53E+05
19380,6.68E+05
19381,6.66E+05
19382,2.75E+05
19383,1.15E+06
19384,2.67E+05
19385,4.85E+05
19386,3.89E+05
19387,2.25E+05
19388,6.06E+05
19389,4.80E+05
19390,2.98E+05
19391,9.86E+05
19392,2.90E+05
19393,4.71E+05
19394,8.65E+05
19395,2.20E+05
19396,3.39E+05
19397,2.76E+05
19398,6.05E+05
19399,3.38E+05
19400,4.31E+05
19401,2.80E+05
19402,2.77E+05
19403,6.62E+05
19404,4.00E+05
19405,7.24E+05
19406,3.33E+05
19407,6.62E+05
19408,3.61E+05
19409,2.30E+05
19410,2.22E+05
19411,2.81E+05
19412,6.37E+05
19413,3.46E+05
19414,3.15E+05
19415,1.33E+05
19416,8.04E+05
19417,1.80E+05
19418,3.51E+05
19419,3.72E+05
19420,2.51E+05
19421,4.09E+05
19422,2.67E+05
19423,2.48E+05
19424,6.72E+05
19425,5.29E+05
19426,3.26E+05
19427,7.63E+05
19428,6.23E+05
19429,2.09E+05
19430,3.18E+05
19431,1.07E+06
19432,5.12E+05
19433,2.90E+05
19434,3.69E+05
19435,4.59E+05
19436,3.15E+05
19437,4.05E+05
19438,1.07E+06
19439,4.50E+05
19440,2.82E+05
19441,2.33E+05
19442,9.37E+05
19443,5.42E+05
19444,4.33E+05
19445,8.60E+05
19446,5.50E+05
19447,3.46E+05
19448,1.23E+06
19449,2.97E+05
19450,1.25E+06
19451,3.40E+05
19452,2.77E+05
19453,4.77E+05
19454,3.79E+05
19455,9.35E+05
19456,5.91E+05
19457,5.01E+05
19458,2.29E+05
19459,5.42E+05
19460,2.59E+05
19461,1.26E+06
19462,2.96E+05
19463,4.37E+05
19464,4.53E+05
19465,6.41E+05
19466,4.11E+05
19467,3.81E+05
19468,1.25E+06
19469,5.87E+05
19470,2.82E+05
19471,5.20E+05
19472,3.54E+05
19473,4.11E+05
19474,5.13E+05
19475,3.79E+05
19476,1.48E+06
19477,7.10E+05
19478,3.25E+05
19479,7.09E+05
19480,9.50E+05
19481,9.30E+05
19482,4.05E+05
19483,5.29E+05
19484,9.07E+05
19485,6.78E+05
19486,5.06E+05
19487,5.14E+05
19488,2.64E+05
19489,3.93E+05
19490,2.32E+05
19491,6.71E+05
19492,4.37E+05
19493,6.13E+05
19494,2.65E+05
19495,1.11E+06
19496,2.55E+05
19497,6.05E+05
19498,2.78E+05
19499,3.45E+05
19500,2.46E+05
19501,9.88E+05
19502,4.79E+05
19503,2.11E+05
19504,5.21E+05
19505,1.35E+06
19506,2.90E+05
19507,1.94E+06
19508,5.52E+05
19509,5.42E+05
19510,1.02E+06
19511,7.30E+05
19512,3.96E+05
19513,5.89E+05
19514,6.01E+05
19515,2.83E+05
19516,1.04E+06
19517,4.61E+05
19518,5.63E+05
19519,4.37E+05
19520,5.42E+05
19521,9.80E+05
19522,5.30E+05
19523,4.06E+05
19524,5.15E+05
19525,4.44E+05
19526,2.95E+05
19527,4.58E+05
19528,6.82E+05
19529,6.51E+05
19530,3.73E+05
19531,3.53E+05
19532,6.07E+05
19533,2.89E+05
19534,2.36E+05
19535,1.76E+06
19536,9.24E+05
19537,6.98E+05
19538,4.88E+05
19539,3.43E+05
19540,4.47E+05
19541,2.43E+05
19542,5.95E+05
19543,5.94E+05
19544,7.82E+05
19545,2.07E+06
19546,1.78E+05
19547,9.85E+05
19548,3.81E+05
19549,5.81E+05
19550,1.30E+06
19551,9.51E+05
19552,1.14E+06
19553,4.09E+05
19554,2.75E+05
19555,1.05E+06
19556,1.28E+06
19557,2.16E+06
19558,3.93E+05
19559,6.40E+05
19560,3.82E+05
19561,4.15E+05
19562,4.44E+05
19563,8.03E+05
19564,4.88E+05
19565,8.94E+05
19566,2.95E+05
19567,3.30E+05
19568,7.01E+05
19569,2.78E+05
19570,3.08E+05
19571,2.86E+05
19572,2.10E+05
19573,5.87E+05
19574,2.59E+05
19575,5.33E+05
19576,6.24E+05
19577,6.58E+05
19578,1.13E+06
19579,5.26E+05
19580,4.97E+05
19581,8.21E+05
19582,3.19E+05
19583,2.61E+05
19584,1.55E+06
19585,8.72E+05
19586,9.60E+05
19587,8.27E+05
19588,3.89E+05
19589,2.16E+05
19590,8.75E+05
19591,6.97E+05
19592,9.51E+05
19593,1.48E+06
19594,3.74E+05
19595,3.23E+05
19596,5.82E+05
19597,3.89E+05
19598,6.72E+05
19599,3.94E+05
19600,3.06E+05
19601,5.46E+05
19602,2.51E+05
19603,3.30E+05
19604,8.70E+05
19605,1.17E+06
19606,3.32E+05
19607,2.81E+05
19608,3.17E+05
19609,1.01E+06
19610,1.10E+06
19611,6.09E+05
19612,5.67E+05
19613,2.34E+05
19614,2.62E+05
19615,2.18E+05
19616,5.23E+05
19617,1.14E+06
19618,2.49E+05
19619,8.08E+05
19620,2.19E+05
19621,2.95E+05
19622,6.10E+05
19623,2.80E+05
19624,2.71E+06
19625,4.67E+05
19626,3.21E+05
19627,7.79E+05
19628,4.03E+05
19629,2.92E+05
19630,7.86E+05
19631,3.04E+05
19632,1.39E+06
19633,1.56E+05
19634,6.66E+05
19635,8.93E+05
19636,7.14E+05
19637,4.92E+05
19638,4.65E+05
19639,3.86E+05
19640,4.33E+05
19641,2.45E+06
19642,2.27E+05
19643,5.12E+05
19644,3.04E+05
19645,7.00E+05
19646,1.88E+05
19647,4.61E+05
19648,2.83E+05
19649,3.71E+05
19650,5.56E+05
19651,3.25E+05
19652,5.93E+05
19653,2.62E+05
19654,3.53E+05
19655,7.19E+05
19656,1.72E+06
19657,3.97E+05
19658,6.41E+05
19659,6.12E+05
19660,7.59E+05
19661,2.89E+05
19662,5.21E+05
19663,3.34E+05
19664,3.14E+05
19665,2.84E+05
19666,2.87E+05
19667,3.12E+05
19668,6.49E+05
19669,7.04E+05
19670,4.19E+05
19671,2.07E+05
19672,5.15E+05
19673,2.60E+05
19674,3.44E+05
19675,2.61E+05
19676,7.33E+05
19677,6.11E+05
19678,4.47E+05
19679,4.18E+05
19680,2.50E+05
19681,4.63E+05
19682,7.97E+05
19683,3.57E+05
19684,1.37E+06
19685,7.60E+05
19686,3.99E+05
19687,3.40E+05
19688,2.47E+05
19689,1.04E+06
19690,6.98E+05
19691,3.30E+05
19692,6.11E+05
19693,4.79E+05
19694,3.73E+05
19695,4.34E+05
19696,6.78E+05
19697,5.77E+05
19698,2.04E+06
19699,6.23E+05
19700,6.43E+05
19701,3.84E+05
19702,7.26E+05
19703,3.11E+05
19704,5.84E+05
19705,4.21E+05
19706,4.07E+05
19707,3.86E+05
19708,1.94E+05
19709,4.71E+05
19710,8.92E+05
19711,3.50E+05
19712,3.78E+05
19713,4.13E+05
19714,5.46E+05
19715,5.26E+05
19716,3.75E+05
19717,6.87E+05
19718,2.13E+05
19719,3.98E+05
19720,2.82E+05
19721,1.09E+06
19722,3.62E+05
19723,3.96E+05
19724,1.42E+06
19725,2.80E+05
19726,3.25E+05
19727,2.85E+05
19728,1.51E+05
19729,6.18E+05
19730,2.10E+06
19731,3.33E+05
19732,4.39E+05
19733,8.46E+05
19734,4.34E+05
19735,1.21E+06
19736,3.31E+05
19737,4.79E+05
19738,4.18E+05
19739,4.76E+05
19740,2.49E+05
19741,6.73E+05
19742,4.59E+05
19743,4.50E+05
19744,3.80E+05
19745,5.79E+05
19746,1.91E+05
19747,6.70E+05
19748,2.53E+05
19749,2.51E+05
19750,7.61E+05
19751,2.89E+05
19752,9.35E+05
19753,7.91E+05
19754,1.05E+06
19755,2.67E+05
19756,3.73E+05
19757,3.52E+05
19758,4.16E+05
19759,3.59E+05
19760,4.56E+05
19761,3.40E+05
19762,4.67E+05
19763,2.14E+05
19764,3.58E+05
19765,9.21E+05
19766,2.30E+05
19767,5.27E+05
19768,2.60E+05
19769,2.24E+05
19770,3.63E+05
19771,2.72E+05
19772,2.52E+05
19773,7.07E+05
19774,3.04E+05
19775,5.12E+05
19776,5.34E+05
19777,6.06E+05
19778,2.97E+05
19779,3.52E+05
19780,8.29E+05
19781,2.55E+05
19782,7.54E+05
19783,3.89E+05
19784,6.42E+05
19785,3.66E+05
19786,2.62E+05
19787,5.47E+05
19788,1.04E+06
19789,6.58E+05
19790,5.07E+05
19791,4.95E+05
19792,1.54E+06
19793,7.23E+05
19794,3.62E+05
19795,5.82E+05
19796,2.67E+05
19797,7.37E+05
19798,2.39E+05
19799,3.68E+05
19800,4.41E+05
19801,5.81E+05
19802,5.65E+05
19803,3.29E+05
19804,9.73E+05
19805,3.18E+05
19806,6.92E+05
19807,3.38E+05
19808,2.21E+05
19809,6.54E+05
19810,2.87E+05
19811,5.31E+05
19812,3.84E+05
19813,1.06E+06
19814,6.00E+05
19815,2.11E+05
19816,5.98E+05
19817,7.52E+05
19818,6.44E+05
19819,2.06E+05
19820,6.66E+05
19821,4.17E+05
19822,7.38E+05
19823,4.39E+05
19824,2.66E+05
19825,3.91E+05
19826,4.79E+05
19827,3.42E+05
19828,7.46E+05
19829,3.92E+05
19830,3.97E+05
19831,7.92E+05
19832,4.23E+05
19833,5.89E+05
19834,5.26E+05
19835,4.70E+05
19836,3.23E+05
19837,3.65E+05
19838,5.94E+05
19839,9.16E+05
19840,2.73E+05
19841,2.42E+05
19842,2.96E+05
19843,9.06E+05
19844,4.72E+05
19845,8.25E+05
19846,2.64E+05
19847,2.02E+06
19848,4.25E+05
19849,3.64E+05
19850,3.76E+05
19851,4.69E+05
19852,3.73E+05
19853,5.86E+05
19854,2.59E+05
19855,4.45E+05
19856,1.04E+06
19857,5.00E+05
19858,2.23E+05
19859,7.54E+05
19860,5.80E+05
19861,2.87E+05
19862,3.64E+05
19863,5.96E+05
19864,5.46E+05
19865,2.24E+05
19866,1.27E+06
19867,2.27E+05
19868,2.43E+05
19869,2.92E+05
19870,3.92E+05
19871,1.99E+05
19872,2.78E+05
19873,2.78E+05
19874,2.23E+05
19875,2.35E+05
19876,8.07E+05
19877,2.79E+05
19878,3.37E+05
19879,6.56E+05
19880,8.79E+05
19881,1.18E+06
19882,6.13E+05
19883,3.23E+05
19884,2.71E+05
19885,2.43E+05
19886,6.90E+05
19887,4.42E+05
19888,1.85E+05
19889,3.56E+05
19890,3.24E+05
19891,6.17E+05
19892,4.36E+05
19893,9.51E+05
19894,3.29E+05
19895,5.91E+05
19896,2.77E+05
19897,1.20E+06
19898,3.20E+05
19899,1.57E+05
19900,1.17E+06
19901,1.45E+06
19902,2.62E+05
19903,1.62E+06
19904,5.65E+05
19905,4.04E+05
19906,3.69E+05
19907,2.32E+05
19908,2.15E+05
19909,3.41E+05
19910,7.39E+05
19911,9.49E+05
19912,4.95E+05
19913,4.22E+05
19914,7.31E+05
19915,3.19E+05
19916,8.61E+05
19917,6.86E+05
19918,3.77E+05
19919,1.92E+05
19920,3.44E+05
19921,7.05E+05
19922,1.57E+05
19923,6.28E+05
19924,2.72E+05
19925,3.69E+05
19926,3.37E+05
19927,1.25E+06
19928,6.77E+05
19929,5.97E+05
19930,1.27E+06
19931,4.90E+05
19932,7.55E+05
19933,8.16E+05
19934,1.46E+05
19935,3.89E+05
19936,3.99E+05
19937,3.67E+05
19938,6.37E+05
19939,5.64E+05
19940,1.13E+06
19941,4.03E+05
19942,6.11E+05
19943,2.96E+05
19944,3.91E+05
19945,2.23E+05
19946,4.99E+05
19947,2.04E+05
19948,3.58E+05
19949,6.73E+05
19950,8.22E+05
19951,3.25E+05
19952,4.19E+05
19953,3.85E+05
19954,4.11E+05
19955,3.47E+05
19956,2.22E+05
19957,4.03E+05
19958,3.38E+05
19959,2.02E+05
19960,3.54E+05
19961,6.60E+05
19962,1.81E+05
19963,3.54E+05
19964,1.93E+05
19965,4.24E+05
19966,9.40E+05
19967,2.64E+05
19968,7.90E+05
19969,4.70E+05
19970,7.69E+05
19971,3.21E+05
19972,6.14E+05
19973,3.95E+05
19974,9.68E+05
19975,1.13E+06
19976,2.75E+05
19977,5.26E+05
19978,4.84E+05
19979,4.25E+05
19980,2.57E+05
19981,6.41E+05
19982,4.64E+05
19983,6.36E+05
19984,5.04E+05
19985,3.75E+05
19986,3.96E+05
19987,2.46E+05
19988,3.42E+05
19989,9.92E+05
19990,9.42E+05
19991,3.16E+05
19992,1.96E+05
19993,5.49E+05
19994,2.38E+05
19995,2.98E+05
19996,7.54E+05
19997,3.05E+05
19998,3.63E+05
19999,5.67E+05
20000,6.65E+05
20001,5.82E+05
20002,4.57E+05
20003,3.95E+05
20004,4.48E+05
20005,6.15E+05
20006,4.97E+05
20007,3.86E+05
20008,4.54E+05
20009,4.14E+05
20010,5.36E+05
20011,6.85E+05
20012,2.00E+05
20013,5.75E+05
20014,6.67E+05
20015,4.99E+05
20016,1.79E+05
20017,3.95E+05
20018,2.69E+06
20019,2.09E+05
20020,5.94E+05
20021,3.03E+05
20022,4.26E+05
20023,5.55E+05
20024,5.63E+05
20025,2.12E+05
20026,5.74E+05
20027,1.90E+05
20028,4.86E+05
20029,7.99E+05
20030,5.12E+05
20031,4.97E+05
20032,3.42E+05
20033,4.31E+05
20034,4.73E+05
20035,6.82E+05
20036,5.72E+05
20037,1.98E+06
20038,7.14E+05
20039,2.29E+05
20040,3.03E+05
20041,2.84E+05
20042,2.49E+05
20043,2.76E+05
20044,5.41E+05
20045,1.93E+05
20046,1.69E+06
20047,1.96E+05
20048,6.03E+05
20049,2.87E+05
20050,2.28E+05
20051,3.49E+05
20052,2.36E+05
20053,1.38E+06
20054,2.44E+05
20055,1.79E+06
20056,2.28E+05
20057,7.22E+05
20058,4.41E+05
20059,5.07E+05
20060,9.16E+05
20061,3.42E+05
20062,3.06E+05
20063,2.13E+05
20064,3.37E+05
20065,3.83E+05
20066,5.04E+05
20067,7.65E+05
20068,7.53E+05
20069,5.83E+05
20070,3.49E+05
20071,9.36E+05
20072,6.71E+05
20073,2.92E+05
20074,4.73E+05
20075,3.07E+05
20076,8.25E+05
20077,2.94E+05
20078,5.98E+05
20079,3.66E+05
20080,4.32E+05
20081,5.90E+05
20082,2.10E+05
20083,5.65E+05
20084,7.30E+05
20085,3.97E+05
20086,1.99E+05
20087,4.91E+05
20088,1.10E+06
20089,3.75E+05
20090,4.78E+05
20091,4.73E+05
20092,3.12E+05
20093,5.92E+05
20094,4.06E+05
20095,9.04E+05
20096,1.71E+06
20097,3.28E+05
20098,2.06E+05
20099,1.67E+06
20100,6.72E+05
20101,1.88E+05
20102,4.87E+05
20103,2.68E+05
20104,3.78E+05
20105,1.51E+05
20106,6.42E+05
20107,4.16E+05
20108,2.70E+05
20109,4.85E+05
20110,4.13E+05
20111,3.83E+05
20112,5.17E+05
20113,2.69E+05
20114,3.03E+05
20115,5.86E+05
20116,3.65E+05
20117,4.84E+05
20118,8.55E+05
20119,5.67E+05
20120,7.17E+05
20121,2.82E+05
20122,4.49E+05
20123,3.45E+05
20124,3.30E+05
20125,1.16E+06
20126,2.45E+05
20127,3.95E+05
20128,2.31E+05
20129,5.44E+05
20130,3.63E+05
20131,9.26E+05
20132,3.60E+05
20133,3.03E+05
20134,4.05E+05
20135,3.54E+05
20136,2.36E+05
20137,4.42E+05
20138,4.96E+05
20139,6.85E+05
20140,5.83E+05
20141,2.09E+05
20142,5.07E+05
20143,3.37E+05
20144,5.49E+05
20145,6.92E+05
20146,3.97E+05
20147,2.93E+05
20148,7.04E+05
20149,1.62E+06
20150,5.29E+05
20151,5.20E+05
20152,2.28E+05
20153,4.43E+05
20154,4.49E+05
20155,6.86E+05
20156,4.07E+05
20157,4.78E+05
20158,4.19E+05
20159,4.45E+05
20160,5.51E+05
20161,3.98E+05
20162,8.91E+05
20163,2.58E+05
20164,2.33E+05
20165,2.45E+05
20166,4.71E+05
20167,3.70E+05
20168,3.47E+05
20169,1.51E+06
20170,3.57E+05
20171,5.97E+05
20172,8.85E+05
20173,2.96E+05
20174,4.69E+05
20175,6.78E+05
20176,2.42E+05
20177,4.22E+05
20178,2.35E+05
20179,4.67E+05
20180,2.90E+05
20181,3.12E+05
20182,5.59E+05
20183,1.25E+06
20184,7.48E+05
20185,9.91E+05
20186,6.68E+05
20187,5.39E+05
20188,4.50E+05
20189,9.51E+05
20190,3.64E+05
20191,6.47E+05
20192,4.06E+05
20193,2.22E+05
20194,3.99E+05
20195,7.25E+05
20196,7.04E+05
20197,2.84E+05
20198,3.35E+05
20199,3.92E+05
20200,5.42E+05
20201,3.04E+05
20202,1.67E+06
20203,2.27E+05
20204,6.34E+05
20205,1.17E+06
20206,2.73E+05
20207,1.44E+06
20208,4.81E+05
20209,7.60E+05
20210,3.54E+05
20211,3.00E+05
20212,5.05E+05
20213,6.63E+05
20214,2.79E+05
20215,6.37E+05
20216,2.72E+05
20217,2.53E+05
20218,6.48E+05
20219,2.41E+06
20220,5.47E+05
20221,2.95E+05
20222,3.05E+05
20223,4.93E+05
20224,2.94E+05
20225,4.55E+05
20226,2.92E+05
20227,2.30E+05
20228,6.26E+05
20229,4.66E+05
20230,3.04E+05
20231,1.81E+05
20232,6.02E+05
20233,2.22E+05
20234,5.34E+05
20235,4.27E+05
20236,4.54E+05
20237,4.76E+05
20238,2.36E+05
20239,3.79E+05
20240,5.92E+05
20241,4.01E+05
20242,4.93E+05
20243,7.99E+05
20244,1.88E+05
20245,9.96E+05
20246,7.24E+05
20247,7.77E+05
20248,3.95E+05
20249,1.73E+05
20250,3.88E+05
20251,5.47E+05
20252,5.15E+05
20253,8.32E+05
20254,4.14E+05
20255,1.40E+05
20256,3.52E+05
20257,8.44E+05
20258,6.05E+05
20259,4.12E+05
20260,5.75E+05
20261,3.03E+05
20262,2.61E+05
20263,1.70E+05
20264,7.46E+05
20265,2.62E+05
20266,6.68E+05
20267,2.81E+05
20268,3.89E+05
20269,4.81E+05
20270,6.75E+05
20271,4.98E+05
20272,5.43E+05
20273,6.64E+05
20274,4.74E+05
20275,3.11E+05
20276,7.02E+05
20277,1.71E+06
20278,7.11E+05
20279,6.77E+05
20280,4.94E+05
20281,6.06E+05
20282,3.59E+05
20283,4.01E+05
20284,3.42E+05
20285,2.52E+05
20286,2.42E+05
20287,2.51E+05
20288,6.95E+05
20289,3.78E+05
20290,6.17E+05
20291,5.27E+05
20292,9.71E+05
20293,5.11E+05
20294,6.22E+05
20295,2.08E+05
20296,5.94E+05
20297,7.46E+05
20298,3.61E+05
20299,4.96E+05
20300,3.93E+05
20301,4.19E+05
20302,6.58E+05
20303,1.74E+06
20304,5.11E+05
20305,6.24E+05
20306,5.03E+05
20307,3.13E+05
20308,1.33E+05
20309,7.16E+05
20310,6.90E+05
20311,7.81E+05
20312,4.57E+05
20313,1.05E+06
20314,1.84E+05
20315,3.86E+05
20316,2.22E+05
20317,2.97E+05
20318,1.08E+06
20319,3.09E+05
20320,6.49E+05
20321,3.85E+05
20322,8.92E+05
20323,2.24E+05
20324,9.15E+05
20325,7.15E+05
20326,6.81E+05
20327,3.47E+05
20328,5.23E+05
20329,5.02E+05
20330,4.88E+05
20331,2.20E+05
20332,1.55E+06
20333,1.27E+06
20334,7.20E+05
20335,4.96E+05
20336,7.58E+05
20337,8.47E+05
20338,4.11E+05
20339,2.44E+05
20340,5.78E+05
20341,2.23E+05
20342,4.03E+05
20343,9.27E+05
20344,4.90E+05
20345,8.78E+05
20346,4.91E+05
20347,4.59E+05
20348,3.86E+05
20349,3.39E+05
20350,8.38E+05
20351,7.07E+05
20352,6.45E+05
20353,7.08E+05
20354,5.33E+05
20355,5.68E+05
20356,7.44E+05
20357,1.23E+06
20358,7.33E+05
20359,9.25E+05
20360,1.05E+06
20361,7.45E+05
20362,1.74E+05
20363,5.31E+05
20364,5.31E+05
20365,2.67E+05
20366,2.88E+05
20367,5.23E+05
20368,7.92E+05
20369,2.62E+05
20370,3.38E+05
20371,3.89E+05
20372,2.21E+05
20373,6.77E+05
20374,5.71E+05
20375,2.83E+05
20376,1.84E+05
20377,2.23E+05
20378,4.46E+05
20379,6.04E+05
20380,4.86E+05
20381,7.49E+05
20382,4.33E+05
20383,7.44E+05
20384,2.62E+05
20385,3.81E+05
20386,3.07E+05
20387,3.47E+05
20388,5.50E+05
20389,3.24E+05
20390,4.10E+05
20391,5.24E+05
20392,2.76E+05
20393,6.71E+05
20394,1.90E+05
20395,2.37E+05
20396,6.04E+05
20397,6.13E+05
20398,7.58E+05
20399,6.64E+05
20400,1.63E+06
20401,1.09E+06
20402,2.15E+05
20403,7.01E+05
20404,3.91E+05
20405,1.32E+06
20406,3.64E+05
20407,1.81E+05
20408,5.43E+05
20409,5.09E+05
20410,7.62E+05
20411,5.75E+05
20412,6.20E+05
20413,2.70E+05
20414,4.08E+05
20415,3.14E+05
20416,8.10E+05
20417,1.91E+05
20418,1.35E+06
20419,5.02E+05
20420,4.15E+05
20421,2.86E+05
20422,3.41E+05
20423,2.88E+05
20424,5.82E+05
20425,3.83E+05
20426,2.17E+06
20427,5.72E+05
20428,9.24E+05
20429,1.29E+06
20430,2.75E+05
20431,7.20E+05
20432,5.92E+05
20433,3.50E+05
20434,4.05E+05
20435,2.70E+05
20436,6.37E+05
20437,5.18E+05
20438,3.93E+05
20439,5.99E+05
20440,4.09E+05
20441,3.13E+05
20442,8.46E+05
20443,6.29E+05
20444,4.89E+05
20445,2.09E+05
20446,2.72E+05
20447,1.57E+06
20448,1.19E+06
20449,2.52E+05
20450,7.87E+05
20451,2.38E+05
20452,2.17E+05
20453,7.74E+05
20454,1.70E+05
20455,5.61E+05
20456,2.44E+05
20457,2.11E+05
20458,2.64E+05
20459,2.45E+05
20460,3.06E+05
20461,4.65E+05
20462,5.51E+05
20463,4.52E+05
20464,7.56E+05
20465,3.84E+05
20466,4.78E+05
20467,4.27E+05
20468,3.08E+05
20469,4.49E+05
20470,7.96E+05
20471,3.59E+05
20472,3.08E+05
20473,6.50E+05
20474,3.41E+05
20475,2.66E+05
20476,4.17E+05
20477,2.17E+05
20478,4.17E+05
20479,2.31E+05
20480,6.46E+05
20481,9.49E+05
20482,4.01E+05
20483,2.17E+05
20484,2.10E+05
20485,4.04E+05
20486,6.65E+05
20487,3.13E+05
20488,4.51E+05
20489,2.76E+05
20490,3.48E+05
20491,2.18E+06
20492,4.30E+05
20493,3.53E+05
20494,5.49E+05
20495,2.01E+05
20496,5.19E+05
20497,5.28E+05
20498,3.57E+05
20499,6.66E+05
20500,4.49E+05
20501,1.92E+05
20502,3.75E+05
20503,3.60E+05
20504,5.27E+05
20505,3.32E+05
20506,2.50E+05
20507,5.94E+05
20508,3.91E+05
20509,3.54E+05
20510,2.19E+06
20511,2.89E+05
20512,5.90E+05
20513,4.97E+05
20514,2.60E+05
20515,7.58E+05
20516,2.53E+05
20517,2.60E+06
20518,3.92E+05
20519,3.11E+05
20520,3.35E+05
20521,3.07E+05
20522,4.38E+05
20523,2.60E+05
20524,3.98E+05
20525,2.85E+05
20526,2.58E+05
20527,3.28E+05
20528,3.63E+05
20529,2.68E+05
20530,1.18E+06
20531,2.55E+05
20532,7.63E+05
20533,3.88E+05
20534,1.46E+06
20535,6.63E+05
20536,5.23E+05
20537,2.44E+05
20538,9.66E+05
20539,3.81E+05
20540,6.07E+05
20541,7.62E+05
20542,9.16E+05
20543,3.71E+05
20544,1.07E+06
20545,2.46E+05
20546,5.15E+05
20547,7.98E+05
20548,4.20E+05
20549,5.31E+05
20550,1.55E+06
20551,2.33E+05
20552,7.81E+05
20553,3.28E+05
20554,3.35E+05
20555,8.95E+05
20556,2.42E+06
20557,2.41E+05
20558,3.15E+05
20559,7.93E+05
20560,2.91E+05
20561,3.29E+05
20562,1.88E+05
20563,7.43E+05
20564,2.38E+05
20565,6.06E+05
20566,5.55E+05
20567,1.96E+05
20568,4.06E+05
20569,3.02E+05
20570,6.32E+05
20571,4.81E+05
20572,5.55E+05
20573,3.03E+05
20574,1.73E+05
20575,3.07E+05
20576,5.07E+05
20577,5.56E+05
20578,1.55E+05
20579,7.39E+05
20580,2.66E+05
20581,5.03E+05
20582,8.54E+05
20583,3.15E+05
20584,1.26E+06
20585,7.29E+05
20586,5.84E+05
20587,3.29E+05
20588,6.57E+05
20589,1.99E+05
20590,4.82E+05
20591,6.42E+05
20592,6.17E+05
20593,4.28E+05
20594,5.87E+05
20595,4.39E+05
20596,2.73E+05
20597,9.07E+05
20598,4.74E+05
20599,6.80E+05
20600,2.18E+05
20601,6.36E+05
20602,7.00E+05
20603,3.27E+05
20604,3.33E+05
20605,4.04E+05
20606,6.74E+05
20607,5.08E+05
20608,3.14E+05
20609,4.19E+05
20610,4.53E+05
20611,4.56E+05
20612,7.01E+05
20613,2.53E+05
20614,1.46E+06
20615,6.76E+05
20616,1.90E+05
20617,7.10E+05
20618,5.34E+05
20619,3.79E+05
20620,5.19E+05
20621,2.21E+05
20622,4.67E+05
20623,4.01E+05
20624,3.47E+05
20625,4.77E+05
20626,3.38E+05
20627,3.89E+05
20628,2.67E+05
20629,4.02E+05
20630,2.47E+05
20631,7.11E+05
20632,4.97E+05
20633,4.58E+05
20634,7.09E+05
20635,2.64E+05
20636,3.31E+05
20637,8.35E+05
20638,3.80E+05
20639,4.46E+05
20640,1.93E+05
20641,2.88E+05
20642,4.47E+05
20643,3.68E+05
20644,3.09E+05
20645,6.25E+05
20646,4.45E+05
20647,2.43E+05
20648,1.26E+06
20649,2.34E+05
20650,5.80E+05
20651,7.30E+05
20652,5.53E+05
20653,7.53E+05
20654,6.01E+05
20655,4.67E+05
20656,5.12E+05
20657,1.96E+06
20658,1.14E+06
20659,4.32E+05
20660,2.25E+05
20661,4.72E+05
20662,7.25E+05
20663,4.62E+05
20664,5.58E+05
20665,6.18E+05
20666,2.43E+05
20667,5.87E+05
20668,5.18E+05
20669,3.57E+05
20670,3.04E+05
20671,5.95E+05
20672,6.21E+05
20673,4.69E+05
20674,5.36E+05
20675,4.41E+05
20676,1.98E+06
20677,4.21E+05
20678,3.71E+05
20679,6.20E+05
20680,4.43E+05
20681,8.93E+05
20682,6.53E+05
20683,3.62E+05
20684,3.55E+05
20685,2.62E+05
20686,3.23E+05
20687,8.47E+05
20688,3.53E+05
20689,2.90E+05
20690,3.74E+05
20691,8.80E+05
20692,4.47E+05
20693,3.35E+05
20694,6.32E+05
20695,5.43E+05
20696,6.71E+05
20697,3.22E+05
20698,5.55E+05
20699,8.47E+05
20700,6.49E+05
20701,4.05E+05
20702,7.49E+05
20703,2.34E+05
20704,6.15E+05
20705,4.24E+05
20706,8.31E+05
20707,2.55E+05
20708,3.25E+05
20709,3.37E+05
20710,4.37E+05
20711,4.19E+05
20712,1.27E+06
20713,7.61E+05
20714,4.34E+05
20715,5.89E+05
20716,4.67E+05
20717,6.12E+05
20718,6.32E+05
20719,1.33E+06
20720,5.08E+05
20721,9.01E+05
20722,4.71E+05
20723,1.38E+06
20724,1.90E+05
20725,3.74E+05
20726,2.07E+05
20727,4.09E+05
20728,3.71E+05
20729,3.24E+05
20730,2.55E+06
20731,4.29E+05
20732,5.91E+05
20733,8.30E+05
20734,6.03E+05
20735,3.44E+05
20736,7.29E+05
20737,4.08E+05
20738,3.49E+05
20739,5.36E+05
20740,2.72E+05
20741,6.25E+05
20742,7.58E+05
20743,4.32E+05
20744,3.60E+05
20745,7.50E+05
20746,7.85E+05
20747,2.93E+05
20748,1.74E+05
20749,5.57E+05
20750,5.35E+05
20751,5.32E+05
20752,2.08E+05
20753,1.45E+05
20754,8.76E+05
20755,5.88E+05
20756,8.99E+05
20757,6.21E+05
20758,5.05E+05
20759,4.41E+05
20760,5.12E+05
20761,5.82E+05
20762,3.85E+05
20763,2.40E+05
20764,4.19E+05
20765,4.86E+05
20766,7.40E+05
20767,7.87E+05
20768,3.03E+05
20769,3.58E+05
20770,2.77E+05
20771,1.12E+06
20772,3.22E+05
20773,7.13E+05
20774,4.95E+05
20775,4.23E+05
20776,4.54E+05
20777,2.42E+05
20778,3.65E+05
20779,8.09E+05
20780,1.94E+05
20781,1.90E+05
20782,3.79E+05
20783,7.29E+05
20784,1.06E+06
20785,2.96E+05
20786,9.30E+05
20787,4.83E+05
20788,8.05E+05
20789,4.70E+05
20790,5.35E+05
20791,8.76E+05
20792,7.01E+05
20793,3.20E+05
20794,2.10E+05
20795,1.05E+06
20796,2.64E+05
20797,2.67E+05
20798,6.18E+05
20799,2.97E+05
20800,6.73E+05
20801,3.15E+05
20802,3.74E+05
20803,4.99E+05
20804,4.99E+05
20805,6.16E+05
20806,5.26E+05
20807,1.73E+05
20808,2.72E+05
20809,3.69E+05
20810,7.68E+05
20811,8.20E+05
20812,2.73E+05
20813,3.79E+05
20814,3.20E+05
20815,5.88E+05
20816,6.52E+05
20817,1.45E+06
20818,6.20E+05
20819,3.66E+05
20820,2.31E+05
20821,3.03E+05
20822,4.44E+05
20823,3.13E+05
20824,1.63E+05
20825,3.93E+05
20826,2.23E+05
20827,6.59E+05
20828,3.11E+05
20829,2.75E+05
20830,7.72E+05
20831,7.42E+05
20832,8.13E+05
20833,1.40E+06
20834,4.94E+05
20835,7.09E+05
20836,7.52E+05
20837,4.52E+05
20838,4.02E+05
20839,2.08E+05
20840,4.97E+05
20841,2.35E+05
20842,3.03E+05
20843,6.15E+05
20844,5.24E+05
20845,5.41E+05
20846,2.43E+05
20847,5.25E+05
20848,4.92E+05
20849,6.34E+05
20850,5.36E+05
20851,2.09E+05
20852,2.29E+05
20853,2.23E+05
20854,5.72E+05
20855,5.27E+05
20856,4.78E+05
20857,2.01E+05
20858,3.65E+05
20859,6.26E+05
20860,4.45E+05
20861,7.57E+05
20862,2.91E+05
20863,6.04E+05
20864,3.22E+05
20865,5.37E+05
20866,3.90E+05
20867,2.52E+05
20868,2.98E+05
20869,3.75E+05
20870,3.14E+05
20871,2.99E+05
20872,5.89E+05
20873,8.77E+05
20874,3.31E+05
20875,4.71E+05
20876,2.37E+05
20877,4.36E+05
20878,2.86E+05
20879,6.88E+05
20880,3.45E+05
20881,2.83E+05
20882,4.31E+05
20883,2.27E+05
20884,1.95E+06
20885,4.41E+05
20886,1.41E+06
20887,5.56E+05
20888,5.43E+05
20889,2.89E+05
20890,4.98E+05
20891,5.34E+05
20892,3.63E+05
20893,4.95E+05
20894,7.13E+05
20895,5.05E+05
20896,2.69E+05
20897,3.27E+05
20898,7.55E+05
20899,3.02E+05
20900,3.15E+05
20901,1.12E+06
20902,5.61E+05
20903,7.11E+05
20904,4.88E+05
20905,5.46E+05
20906,4.48E+05
20907,4.78E+05
20908,2.35E+05
20909,6.03E+05
20910,7.37E+05
20911,7.94E+05
20912,3.35E+05
20913,4.93E+05
20914,3.65E+05
20915,5.05E+05
20916,3.23E+05
20917,2.98E+05
20918,3.69E+05
20919,4.24E+05
20920,3.38E+05
20921,7.83E+05
20922,3.82E+05
20923,5.44E+05
20924,6.13E+05
20925,1.06E+06
20926,9.95E+05
20927,3.21E+05
20928,3.47E+05
20929,3.26E+05
20930,3.02E+05
20931,6.38E+05
20932,6.03E+05
20933,8.47E+05
20934,4.88E+05
20935,4.83E+05
20936,4.06E+05
20937,1.26E+06
20938,8.02E+05
20939,3.37E+05
20940,3.04E+05
20941,4.33E+05
20942,4.38E+05
20943,3.62E+05
20944,5.83E+05
20945,5.98E+05
20946,2.95E+05
20947,1.05E+06
20948,7.12E+05
20949,2.99E+05
20950,5.60E+05
20951,4.74E+05
20952,4.53E+05
20953,1.17E+06
20954,3.53E+05
20955,6.44E+05
20956,5.82E+05
20957,7.27E+05
20958,5.72E+05
20959,7.11E+05
20960,3.46E+05
20961,5.20E+05
20962,5.85E+05
20963,4.98E+05
20964,9.93E+05
20965,2.67E+05
20966,4.39E+05
20967,3.91E+05
20968,4.35E+05
20969,3.96E+05
20970,2.42E+06
20971,3.08E+05
20972,5.01E+05
20973,4.45E+05
20974,9.28E+05
20975,1.11E+06
20976,3.92E+05
20977,3.17E+05
20978,1.62E+06
20979,5.67E+05
20980,3.33E+05
20981,3.77E+05
20982,5.27E+05
20983,6.68E+05
20984,4.20E+05
20985,1.01E+06
20986,4.11E+05
20987,9.00E+05
20988,6.37E+05
20989,3.86E+05
20990,4.17E+05
20991,3.29E+05
20992,4.98E+05
20993,5.74E+05
20994,5.84E+05
20995,1.12E+06
20996,7.99E+05
20997,7.93E+05
20998,4.13E+05
20999,4.69E+05
21000,2.92E+05
21001,3.23E+05
21002,3.08E+05
21003,2.87E+05
21004,4.18E+05
21005,8.44E+05
21006,8.07E+05
21007,8.70E+05
21008,7.93E+05
21009,3.92E+05
21010,1.35E+06
21011,3.49E+05
21012,1.12E+06
21013,6.59E+05
21014,3.25E+05
21015,3.64E+05
21016,2.75E+05
21017,4.52E+05
21018,5.70E+05
21019,2.00E+06
21020,4.06E+05
21021,7.64E+05
21022,4.73E+05
21023,8.99E+05
21024,4.10E+05
21025,2.45E+05
21026,1.27E+06
21027,3.51E+05
21028,5.10E+05
21029,4.03E+05
21030,6.38E+05
21031,4.50E+05
21032,4.71E+05
21033,8.05E+05
21034,3.48E+05
21035,5.16E+05
21036,5.77E+05
21037,7.21E+05
21038,7.42E+05
21039,5.09E+05
21040,1.75E+06
21041,5.33E+05
21042,4.73E+05
21043,1.12E+06
21044,3.84E+05
21045,3.94E+05
21046,1.85E+06
21047,2.85E+05
21048,5.60E+05
21049,4.28E+05
21050,8.06E+05
21051,5.76E+05
21052,3.05E+05
21053,9.46E+05
21054,5.30E+05
21055,4.22E+05
21056,4.13E+05
21057,4.08E+05
21058,7.55E+05
21059,8.64E+05
21060,3.46E+05
21061,4.80E+05
21062,5.84E+05
21063,5.37E+05
21064,9.27E+05
21065,3.25E+05
21066,6.92E+05
21067,4.46E+05
21068,1.33E+06
21069,5.64E+05
21070,4.34E+05
21071,9.02E+05
21072,1.77E+06
21073,2.83E+05
21074,5.69E+05
21075,4.55E+05
21076,5.78E+05
21077,9.26E+05
21078,7.51E+05
21079,7.07E+05
21080,3.67E+05
21081,3.48E+05
21082,1.03E+06
21083,4.09E+05
21084,5.24E+05
21085,3.70E+05
21086,8.84E+05
21087,5.38E+05
21088,5.25E+05
21089,6.87E+05
21090,3.81E+05
21091,5.99E+05
21092,1.98E+06
21093,8.76E+05
21094,5.20E+05
21095,2.96E+05
21096,3.16E+05
21097,5.18E+05
21098,5.56E+05
21099,3.59E+05
21100,1.13E+06
21101,2.93E+05
21102,3.36E+05
21103,7.91E+05
21104,8.07E+05
21105,4.07E+05
21106,3.37E+05
21107,3.26E+05
21108,3.47E+05
21109,4.40E+05
21110,7.17E+05
21111,4.86E+05
21112,2.60E+05
21113,1.24E+06
21114,6.34E+05
21115,3.22E+05
21116,4.22E+05
21117,3.39E+05
21118,3.90E+05
21119,4.53E+05
21120,5.02E+05
21121,3.61E+05
21122,8.01E+05
21123,1.06E+06
21124,1.11E+06
21125,4.10E+05
21126,2.75E+05
21127,6.48E+05
21128,3.19E+05
21129,6.83E+05
21130,7.54E+05
21131,1.07E+06
21132,6.36E+05
21133,5.08E+05
21134,6.15E+05
21135,9.26E+05
21136,4.85E+05
21137,3.60E+05
21138,4.03E+05
21139,3.16E+05
21140,5.93E+05
21141,4.94E+05
21142,5.21E+05
21143,4.72E+05
21144,4.58E+05
21145,3.57E+05
21146,6.34E+05
21147,5.55E+05
21148,5.60E+05
21149,7.10E+05
21150,1.11E+06
21151,1.03E+06
21152,3.54E+05
21153,5.77E+05
21154,2.90E+05
21155,3.71E+05
21156,3.86E+05
21157,7.21E+05
21158,3.55E+05
21159,3.81E+05
21160,3.82E+05
21161,7.90E+05
21162,8.55E+05
21163,6.25E+05
21164,4.91E+05
21165,3.83E+05
21166,4.58E+05
21167,3.79E+05
21168,3.60E+05
21169,4.47E+05
21170,8.36E+05
21171,8.48E+05
21172,3.78E+05
21173,5.82E+05
21174,8.21E+05
21175,5.14E+05
21176,3.34E+05
21177,4.20E+05
21178,3.86E+05
21179,6.37E+05
21180,1.42E+06
21181,4.65E+05
21182,5.27E+05
21183,6.03E+05
21184,4.15E+05
21185,5.68E+05
21186,1.76E+06
21187,5.34E+05
21188,8.51E+05
21189,9.13E+05
21190,1.88E+06
21191,4.28E+05
21192,3.29E+05
21193,3.72E+05
21194,4.35E+05
21195,5.69E+05
21196,4.86E+05
21197,3.53E+05
21198,3.68E+05
21199,5.01E+05
21200,3.00E+05
21201,4.82E+05
21202,1.48E+06
21203,2.68E+05
21204,3.07E+05
21205,7.83E+05
21206,2.57E+05
21207,1.01E+06
21208,4.25E+05
21209,8.38E+05
21210,3.91E+05
21211,4.73E+05
21212,5.70E+05
21213,6.75E+05
21214,3.20E+05
21215,3.11E+05
21216,3.04E+05
21217,2.94E+05
21218,5.45E+05
21219,9.63E+05
21220,1.49E+06
21221,9.58E+05
21222,3.50E+05
21223,6.29E+05
21224,5.50E+05
21225,3.53E+05
21226,6.44E+05
21227,7.50E+05
21228,4.61E+05
21229,5.08E+05
21230,7.27E+05
21231,3.39E+05
21232,3.89E+05
21233,3.75E+05
21234,4.07E+05
21235,2.96E+05
21236,3.78E+05
21237,1.03E+06
21238,8.79E+05
21239,2.91E+05
21240,9.54E+05
21241,2.52E+05
21242,5.55E+05
21243,4.50E+05
21244,1.43E+06
21245,5.50E+05
21246,4.28E+05
21247,2.86E+05
21248,5.68E+05
21249,4.55E+05
21250,2.69E+05
21251,5.48E+05
21252,9.35E+05
21253,3.83E+05
21254,4.34E+05
21255,1.25E+06
21256,6.79E+05
21257,4.59E+05
21258,5.41E+05
21259,5.10E+05
21260,4.15E+05
21261,4.84E+05
21262,1.15E+06
21263,2.90E+05
21264,7.24E+05
21265,3.78E+05
21266,2.57E+05
21267,9.45E+05
21268,3.25E+05
21269,6.29E+05
21270,5.05E+05
21271,3.34E+05
21272,7.81E+05
21273,4.41E+05
21274,5.28E+05
21275,7.83E+05
21276,2.90E+05
21277,4.28E+05
21278,5.39E+05
21279,1.09E+06
21280,3.72E+05
21281,9.01E+05
21282,5.07E+05
21283,1.16E+06
21284,3.77E+05
21285,5.17E+05
21286,3.89E+05
21287,5.40E+05
21288,4.02E+05
21289,7.24E+05
21290,9.48E+05
21291,3.82E+05
21292,4.91E+05
21293,3.06E+05
21294,3.12E+05
21295,7.74E+05
21296,3.94E+05
21297,3.65E+05
21298,7.23E+05
21299,9.58E+05
21300,4.98E+05
21301,8.44E+05
21302,8.11E+05
21303,2.99E+05
21304,5.37E+05
21305,6.36E+05
21306,4.05E+05
21307,3.39E+05
21308,3.51E+05
21309,4.03E+05
21310,9.17E+05
21311,8.05E+05
21312,2.84E+05
21313,5.08E+05
21314,5.50E+05
21315,3.32E+05
21316,1.47E+06
21317,4.54E+05
21318,3.59E+05
21319,2.86E+05
21320,1.05E+06
21321,7.45E+05
21322,4.68E+05
21323,8.47E+05
21324,3.66E+05
21325,1.54E+05
21326,5.22E+05
21327,3.14E+05
21328,3.66E+05
21329,1.59E+06
21330,6.26E+05
21331,2.60E+05
21332,2.94E+05
21333,4.56E+05
21334,7.44E+05
21335,4.61E+05
21336,5.92E+05
21337,1.00E+06
21338,8.47E+05
21339,3.25E+05
21340,4.71E+05
21341,6.00E+05
21342,2.91E+05
21343,3.35E+05
21344,4.45E+05
21345,4.36E+05
21346,6.60E+05
21347,7.08E+05
21348,4.59E+05
21349,9.32E+05
21350,4.93E+05
21351,1.01E+06
21352,7.31E+05
21353,2.65E+05
21354,3.47E+05
21355,5.42E+05
21356,2.69E+06
21357,4.53E+05
21358,2.81E+05
21359,2.83E+05
21360,6.02E+05
21361,6.64E+05
21362,6.45E+05
21363,2.31E+05
21364,4.09E+05
21365,5.17E+05
21366,8.67E+05
21367,6.93E+05
21368,4.36E+05
21369,2.15E+05
21370,3.67E+05
21371,5.48E+05
21372,4.32E+05
21373,1.47E+06
21374,3.29E+05
21375,4.53E+05
21376,4.77E+05
21377,5.21E+05
21378,3.54E+05
21379,2.90E+05
21380,5.88E+05
21381,3.36E+05
21382,2.75E+05
21383,2.51E+05
21384,1.47E+06
21385,8.70E+05
21386,5.42E+05
21387,1.73E+06
21388,8.18E+05
21389,1.08E+06
21390,3.36E+05
21391,7.14E+05
21392,9.81E+05
21393,6.99E+05
21394,1.56E+06
21395,6.03E+05
21396,2.72E+05
21397,7.45E+05
21398,8.68E+05
21399,7.89E+05
21400,3.91E+05
21401,3.89E+05
21402,4.64E+05
21403,8.61E+05
21404,3.73E+05
21405,4.35E+05
21406,3.77E+05
21407,2.98E+05
21408,8.59E+05
21409,4.89E+05
21410,6.71E+05
21411,3.30E+05
21412,4.14E+05
21413,6.81E+05
21414,3.15E+05
21415,6.32E+05
21416,4.28E+05
21417,4.85E+05
21418,4.27E+05
21419,4.84E+05
21420,8.29E+05
21421,4.95E+05
21422,4.73E+05
21423,4.37E+05
21424,3.52E+05
21425,2.17E+06
21426,7.93E+05
21427,1.33E+06
21428,1.22E+06
21429,3.29E+05
21430,3.05E+05
21431,3.17E+05
21432,5.11E+05
21433,4.48E+05
21434,3.82E+05
21435,4.19E+05
21436,1.28E+06
21437,6.92E+05
21438,4.70E+05
21439,6.43E+05
21440,8.61E+05
21441,2.60E+05
21442,1.66E+06
21443,4.06E+05
21444,4.15E+05
21445,3.51E+05
21446,3.66E+05
21447,8.13E+05
21448,3.02E+05
21449,3.45E+05
21450,4.55E+05
21451,3.38E+05
21452,8.57E+05
21453,6.76E+05
21454,2.88E+05
21455,4.13E+05
21456,6.99E+05
21457,5.00E+05
21458,5.14E+05
21459,4.05E+05
21460,3.49E+05
21461,7.41E+05
21462,3.53E+05
21463,4.12E+05
21464,8.82E+05
21465,2.26E+05
21466,3.31E+05
21467,4.17E+05
21468,4.66E+05
21469,1.31E+06
21470,4.73E+05
21471,5.57E+05
21472,3.83E+05
21473,4.73E+05
21474,1.55E+06
21475,1.99E+06
21476,3.68E+05
21477,1.97E+06
21478,4.97E+05
21479,1.30E+06
21480,1.26E+06
21481,5.57E+05
21482,6.07E+05
21483,3.07E+05
21484,5.42E+05
21485,2.34E+05
21486,5.66E+05
21487,5.93E+05
21488,6.95E+05
21489,3.46E+05
21490,2.79E+05
21491,2.57E+06
21492,6.25E+05
21493,3.59E+05
21494,4.38E+05
21495,5.12E+05
21496,5.36E+05
21497,4.67E+05
21498,2.53E+05
21499,4.07E+05
21500,4.69E+05
21501,3.07E+05
21502,4.31E+05
